,from_node,to_node,edge_tt
16797,14,15,4.464
16798,16,17,8.868
16799,98,99,7.659
16800,104,105,1.343
16801,106,107,0.683
16802,108,109,2.286
16803,110,111,7.217
16804,112,113,4.261
16805,114,115,3.462
16806,116,117,0.793
16807,118,119,1.44
16808,160,161,6.084
16809,162,163,14.714
16810,164,165,5.369
16811,176,177,8.848
16812,196,197,1.562
16813,200,201,8.148
16814,202,203,4.405
16815,260,261,4.099
16816,332,333,10.628
16817,334,335,0.283
16818,336,337,0.176
16819,592,593,8.273
16820,594,595,1.415
16821,596,597,4.687
16822,624,625,29.69
16823,626,627,0.458
16824,666,667,5.915
16825,738,739,7.271
16826,740,741,1.455
16827,742,743,3.232
16828,748,749,14.225
16829,750,751,5.228
16830,868,869,0.666
16831,870,871,7.403
16832,872,873,1.844
16833,874,875,0.792
16834,876,877,5.931
16835,880,881,3.456
16836,1048,1049,1.125
16837,1050,1051,1.248
16838,1052,1053,2.173
16839,1054,1055,2.406
16840,1056,1057,1.606
16841,1216,1217,4.128
16842,1218,1219,2.707
16843,1220,1221,3.167
16844,1222,1223,6.067
16845,1224,1225,4.145
16846,1238,1239,26.491
16847,1428,1429,14.248
16848,1430,1431,14.565
16849,1432,1433,5.191
16850,1434,1435,4.982
16851,1436,1437,4.32
16852,1438,1439,3.751
16853,1440,1441,3.485
16854,1442,1443,0.355
16855,1444,1445,1.322
16856,1500,1501,11.706
16857,1502,1503,2.712
16858,1598,1599,0.266
16859,1600,1601,4.088
16860,1602,1603,9.753
16861,1604,1605,1.017
16862,1606,1607,17.482
16863,1608,1609,13.148
16864,1610,1611,7.302
16865,1616,1617,5.227
16866,1656,1657,4.952
16867,1658,1659,23.549
16868,1690,1691,0.603
16869,1694,1695,2.834
16870,1938,1939,9.334
16871,1940,1941,18.597
16872,1942,1943,4.733
16873,1944,1945,2.084
16874,1946,1947,1.259
16875,2016,2017,6.457
16876,2068,2069,7.143
16877,2070,2071,4.103
16878,2072,2073,2.485
16879,2074,2075,3.39
16880,2076,2077,2.15
16881,2078,2079,3.233
16882,2086,2087,1.82
16883,2088,2089,1.965
16884,2090,2091,2.913
16885,2092,2093,2.358
16886,2140,2141,0.566
16887,2142,2143,17.712
16888,2144,2145,0.722
16889,2148,2149,2.575
16890,2150,2151,18.485
16891,2152,2153,0.09
16892,2154,2155,0.18
16893,2156,2157,0.695
16894,2158,2159,1.72
16895,2160,2161,0.122
16896,2162,2163,3.743
16897,2164,2165,2.029
16898,2166,2167,0.774
16899,2168,2169,2.08
16900,2170,2171,4.819
16901,2172,2173,1.512
16902,2174,2175,1.756
16903,2176,2177,1.247
16904,2178,2179,12.982
16905,2180,2181,7.822
16906,2182,2183,6.836
16907,2184,2185,12.496
16908,2186,2187,0.017
16909,2188,2189,4.871
16910,2190,2191,4.483
16911,2192,2193,1.631
16912,2194,2195,0.825
16913,2196,2197,3.854
16914,2202,2203,2.847
16915,2324,2325,0.01
16916,2392,2393,5.456
16917,2396,2397,14.229
16918,2470,2471,17.043
16919,2472,2473,1.708
16920,2556,2557,0.565
16921,2558,2559,3.167
16922,2560,2561,6.585
16923,2626,2627,7.073
16924,2628,2629,16.082
16925,2632,2633,4.056
16926,2634,2635,1.143
16927,2636,2637,2.328
16928,2664,2665,2.345
16929,2666,2667,7.247
16930,2826,2827,42.94
16931,2828,2829,25.282
16932,2830,2831,4.255
16933,2832,2833,1.865
16934,2834,2835,0.018
16935,2836,2837,3.779
16936,2838,2839,0.58
16937,2840,2841,8.87
16938,2842,2843,2.786
16939,2844,2845,18.319
16940,2846,2847,0.362
16941,2848,2849,16.071
16942,2850,2851,5.705
16943,2852,2853,7.986
16944,2854,2855,6.461
16945,2856,2857,1.469
16946,2858,2859,5.747
16947,2904,2905,3.077
16948,2906,2907,4.335
16949,2908,2909,2.032
16950,2910,2911,0.823
16951,2912,2913,7.209
16952,2916,2917,1.139
16953,2918,2919,0.236
16954,2920,2921,3.701
16955,2922,2923,0.021
16956,2930,2931,11.827
16957,2932,2933,18.826
16958,2934,2935,2.616
16959,2958,2959,8.086
16960,2960,2961,7.738
16961,2962,2963,1.345
16962,2986,2987,0.644
16963,2988,2989,3.074
16964,2990,2991,2.087
16965,2992,2993,2.121
16966,2994,2995,7.887
16967,3354,3355,1.319
16968,3368,3369,18.18
16969,3396,3397,0.757
16970,3484,3485,5.859
16971,3486,3487,1.511
16972,3918,3919,6.35
16973,3920,3921,0.021
16974,3922,3923,0.018
16975,3924,3925,3.742
16976,4104,4105,3.892
16977,4128,4129,27.885
16978,4130,4131,1.874
16979,4132,4133,0.317
16980,4134,4135,0.569
16981,4136,4137,4.159
16982,4138,4139,1.584
16983,4140,4141,16.126
16984,4142,4143,1.758
16985,4144,4145,4.298
16986,4146,4147,2.458
16987,4148,4149,1.306
16988,4150,4151,0.994
16989,4152,4153,2.439
16990,4154,4155,1.648
16991,4156,4157,1.776
16992,4158,4159,8.986
16993,4160,4161,9.51
16994,4162,4163,2.097
16995,4164,4165,2.144
16996,4166,4167,1.703
16997,4168,4169,3.429
16998,4170,4171,8.831
16999,4172,4173,12.1
17000,4174,4175,9.373
17001,4246,4247,2.833
17002,4248,4249,11.04
17003,4490,4491,10.7
17004,4492,4493,3.526
17005,4498,4499,13.53
17006,4884,4885,3.602
17007,4926,4927,3.699
17008,4928,4929,3.308
17009,4972,4973,19.562
17010,4974,4975,8.695
17011,5006,5007,32.82
17012,5008,5009,2.936
17013,5010,5011,6.025
17014,5012,5013,0.283
17015,5014,5015,5.392
17016,5022,5023,0.616
17017,5024,5025,4.165
17018,5026,5027,7.531
17019,5032,5033,2.338
17020,5034,5035,3.751
17021,5036,5037,4.473
17022,5038,5039,6.809
17023,5040,5041,2.445
17024,5042,5043,2.921
17025,5044,5045,17.093
17026,5046,5047,3.653
17027,5048,5049,7.606
17028,5050,5051,2.423
17029,5052,5053,0.904
17030,5054,5055,1.55
17031,5056,5057,12.719
17032,5058,5059,2.02
17033,5060,5061,8.199
17034,5062,5063,1.804
17035,5064,5065,0.837
17036,5066,5067,11.969
17037,5068,5069,8.478
17038,5070,5071,13.334
17039,5072,5073,6.154
17040,5074,5075,9.222
17041,5076,5077,4.935
17042,5078,5079,7.808
17043,5084,5085,19.207
17044,5088,5089,0.781
17045,5090,5091,0.069
17046,5108,5109,4.823
17047,5110,5111,7.512
17048,5112,5113,4.789
17049,5114,5115,5.279
17050,5136,5137,12.844
17051,5138,5139,3.158
17052,5140,5141,3.182
17053,5152,5153,1.872
17054,5154,5155,23.31
17055,5156,5157,3.484
17056,5176,5177,1.759
17057,5178,5179,2.921
17058,5180,5181,0.124
17059,5182,5183,1.972
17060,5214,5215,3.447
17061,5218,5219,3.866
17062,5414,5415,12.594
17063,5416,5417,7.044
17064,5418,5419,3.237
17065,5420,5421,3.792
17066,5422,5423,0.454
17067,5424,5425,0.707
17068,5426,5427,3.255
17069,5428,5429,20.724
17070,5430,5431,1.888
17071,5432,5433,7.271
17072,5434,5435,1.855
17073,5436,5437,0.786
17074,5438,5439,1.872
17075,5440,5441,4.665
17076,5442,5443,2.714
17077,5444,5445,2.557
17078,5446,5447,1.354
17079,5448,5449,10.563
17080,5450,5451,7.254
17081,5452,5453,3.792
17082,5454,5455,7.775
17083,5456,5457,7.873
17084,5460,5461,9.539
17085,5462,5463,5.456
17086,5464,5465,0.614
17087,5466,5467,0.015
17088,5468,5469,4.565
17089,5470,5471,2.083
17090,5472,5473,6.128
17091,5476,5477,0.861
17092,5478,5479,0.399
17093,5480,5481,1.157
17094,5496,5497,2.223
17095,5538,5539,5.357
17096,5540,5541,4.573
17097,5542,5543,2.492
17098,5544,5545,0.668
17099,5546,5547,5.694
17100,5554,5555,4.014
17101,5610,5611,14.048
17102,5618,5619,11.379
17103,5722,5723,11.627
17104,5724,5725,5.207
17105,5728,5729,1.654
17106,5870,5871,0.671
17107,5894,5895,3.907
17108,5896,5897,1.703
17109,5898,5899,11.656
17110,5900,5901,4.921
17111,5902,5903,7.521
17112,5904,5905,7.33
17113,5906,5907,4.323
17114,5908,5909,3.048
17115,5910,5911,1.702
17116,5912,5913,2.813
17117,6070,6071,1.219
17118,6072,6073,0.432
17119,6074,6075,5.151
17120,6076,6077,3.4
17121,6078,6079,7.839
17122,6160,6161,0.355
17123,6444,6445,26.981
17124,6446,6447,8.186
17125,6470,6471,22.366
17126,6472,6473,9.188
17127,6474,6475,4.027
17128,6476,6477,4.562
17129,6478,6479,4.811
17130,6480,6481,7.335
17131,6482,6483,4.741
17132,6484,6485,10.753
17133,6558,6559,189.184
17134,6560,6561,22.907
17135,6688,6689,0.598
17136,6690,6691,15.115
17137,7020,7021,8.932
17138,7066,7067,8.102
17139,7076,7077,15.787
17140,7078,7079,5.536
17141,7080,7081,32.12
17142,7082,7083,3.41
17143,7130,7131,24.763
17144,7156,7157,12.78
17145,7166,7167,40.734
17146,7168,7169,4.705
17147,7170,7171,9.251
17148,7172,7173,2.057
17149,7174,7175,5.623
17150,7176,7177,6.451
17151,7184,7185,3.313
17152,7186,7187,1.608
17153,7188,7189,1.285
17154,7190,7191,1.031
17155,7192,7193,2.642
17156,7194,7195,0.752
17157,7196,7197,1.43
17158,7198,7199,2.232
17159,7200,7201,0.574
17160,7202,7203,2.606
17161,7206,7207,3.362
17162,7208,7209,2.209
17163,7210,7211,0.366
17164,7212,7213,0.779
17165,7214,7215,1.906
17166,7222,7223,4.498
17167,7236,7237,1.84
17168,7240,7241,1.396
17169,7248,7249,2.825
17170,7250,7251,5.428
17171,7252,7253,5.515
17172,7254,7255,6.251
17173,7256,7257,2.629
17174,7258,7259,0.374
17175,7260,7261,2.039
17176,7262,7263,1.609
17177,7386,7387,0.161
17178,7388,7389,0.027
17179,7390,7391,3.393
17180,7392,7393,13.378
17181,7394,7395,2.271
17182,7396,7397,1.625
17183,7398,7399,3.86
17184,7400,7401,1.486
17185,7402,7403,3.019
17186,7596,7597,15.932
17187,7636,7637,5.361
17188,7638,7639,0.141
17189,7640,7641,1.625
17190,7642,7643,3.364
17191,7644,7645,19.005
17192,7914,7915,2.719
17193,7916,7917,21.043
17194,7918,7919,2.37
17195,7920,7921,1.05
17196,7922,7923,0.474
17197,7924,7925,10.581
17198,7926,7927,16.239
17199,7928,7929,4.822
17200,7930,7931,1.775
17201,7932,7933,1.534
17202,8056,8057,3.955
17203,8058,8059,28.588
17204,8060,8061,10.194
17205,8062,8063,8.544
17206,8064,8065,8.764
17207,8066,8067,48.38
17208,8100,8101,1.017
17209,8450,8451,7.714
17210,8452,8453,3.808
17211,8486,8487,8.32
17212,8488,8489,1.185
17213,8490,8491,0.376
17214,8492,8493,2.225
17215,8494,8495,3.302
17216,8768,8769,6.012
17217,8770,8771,0.534
17218,8772,8773,6.355
17219,8774,8775,7.563
17220,9048,9049,7.277
17221,9050,9051,3.116
17222,9052,9053,4.351
17223,9054,9055,2.058
17224,9452,9453,4.643
17225,9624,9625,23.82
17226,9626,9627,8.639
17227,9884,9885,0.743
17228,9914,9915,4.479
17229,9916,9917,6.413
17230,9918,9919,2.097
17231,9920,9921,2.73
17232,9922,9923,4.922
17233,9924,9925,4.315
17234,9926,9927,9.332
17235,9932,9933,4.949
17236,9934,9935,12.622
17237,9944,9945,1.807
17238,9946,9947,0.92
17239,9948,9949,0.088
17240,9950,9951,3.525
17241,9952,9953,3.637
17242,9954,9955,4.586
17243,9956,9957,2.848
17244,9958,9959,1.824
17245,9960,9961,1.344
17246,9962,9963,2.572
17247,9964,9965,3.517
17248,9966,9967,3.376
17249,9968,9969,0.218
17250,9970,9971,1.673
17251,9972,9973,3.03
17252,9974,9975,7.466
17253,9976,9977,1.033
17254,9978,9979,0.406
17255,9980,9981,1.752
17256,9982,9983,1.015
17257,9984,9985,1.654
17258,9986,9987,2.413
17259,9988,9989,6.555
17260,9990,9991,6.688
17261,9992,9993,0.653
17262,9994,9995,0.207
17263,9996,9997,4.683
17264,9998,9999,8.389
17265,10080,10081,4.054
17266,10082,10083,0.014
17267,10084,10085,8.126
17268,10086,10087,3.169
17269,10088,10089,4.83
17270,10090,10091,2.99
17271,10092,10093,3.616
17272,10094,10095,1.51
17273,10096,10097,0.445
17274,10098,10099,14.985
17275,10100,10101,1.919
17276,10110,10111,14.589
17277,10166,10167,4.37
17278,10212,10213,2.136
17279,10214,10215,3.974
17280,10348,10349,6.934
17281,10596,10597,11.304
17282,10600,10601,0.851
17283,10602,10603,5.184
17284,10604,10605,5.353
17285,10762,10763,5.957
17286,10764,10765,7.915
17287,10802,10803,13.269
17288,10804,10805,17.829
17289,10822,10823,11.373
17290,10824,10825,5.446
17291,10826,10827,1.445
17292,10828,10829,4.177
17293,10830,10831,1.261
17294,10832,10833,0.962
17295,10874,10875,1.18
17296,10876,10877,2.458
17297,10878,10879,2.216
17298,10996,10997,3.289
17299,10998,10999,3.696
17300,11000,11001,6.395
17301,11002,11003,2.42
17302,11004,11005,0.636
17303,11006,11007,4.044
17304,11008,11009,0.745
17305,11010,11011,5.568
17306,11012,11013,8.7
17307,11014,11015,13.936
17308,11016,11017,2.277
17309,11018,11019,3.332
17310,11020,11021,3.434
17311,11022,11023,2.687
17312,11130,11131,0.643
17313,11132,11133,0.789
17314,11140,11141,2.368
17315,11142,11143,0.74
17316,11144,11145,2.137
17317,11146,11147,6.957
17318,11148,11149,3.195
17319,11230,11231,14.503
17320,11232,11233,2.005
17321,11234,11235,7.287
17322,11236,11237,3.699
17323,11238,11239,1.568
17324,11240,11241,0.447
17325,11262,11263,6.038
17326,11264,11265,37.685
17327,11266,11267,6.129
17328,11276,11277,0.817
17329,11408,11409,5.369
17330,11410,11411,0.986
17331,11412,11413,16.445
17332,11414,11415,5.148
17333,11456,11457,9.492
17334,11458,11459,5.318
17335,11460,11461,0.43
17336,11462,11463,3.228
17337,11464,11465,7.45
17338,11490,11491,1.573
17339,11492,11493,1.243
17340,11494,11495,2.082
17341,11496,11497,14.388
17342,11498,11499,0.5
17343,11594,11595,3.234
17344,11596,11597,4.022
17345,11598,11599,0.397
17346,11600,11601,5.202
17347,11602,11603,9.838
17348,11604,11605,7.648
17349,11606,11607,2.575
17350,11608,11609,3.913
17351,11610,11611,1.815
17352,11612,11613,2.328
17353,11614,11615,0.884
17354,11616,11617,4.199
17355,11618,11619,1.464
17356,11640,11641,8.179
17357,11642,11643,15.769
17358,11648,11649,2.717
17359,11652,11653,6.005
17360,11658,11659,6.399
17361,11660,11661,0.015
17362,11678,11679,7.837
17363,11680,11681,7.693
17364,11682,11683,1.889
17365,11684,11685,0.128
17366,11750,11751,6.508
17367,11752,11753,5.262
17368,11754,11755,0.293
17369,11756,11757,5.444
17370,11790,11791,3.412
17371,11792,11793,4.46
17372,11852,11853,1.014
17373,11854,11855,1.098
17374,11856,11857,2.404
17375,11912,11913,2.03
17376,11914,11915,1.042
17377,11980,11981,1.845
17378,11982,11983,4.708
17379,11984,11985,3.47
17380,11988,11989,5.027
17381,11990,11991,5.422
17382,11992,11993,6.225
17383,11994,11995,2.075
17384,11996,11997,5.193
17385,11998,11999,1.935
17386,12000,12001,1.025
17387,12002,12003,2.183
17388,12004,12005,4.426
17389,12006,12007,3.809
17390,12008,12009,1.856
17391,12010,12011,3.587
17392,12012,12013,2.084
17393,12014,12015,2.508
17394,12016,12017,1.462
17395,12018,12019,6.154
17396,12020,12021,1.603
17397,12022,12023,1.94
17398,12024,12025,4.802
17399,12028,12029,4.625
17400,12030,12031,1.473
17401,12032,12033,1.429
17402,12034,12035,4.66
17403,12110,12111,5.275
17404,12112,12113,0.969
17405,12138,12139,13.712
17406,12140,12141,1.892
17407,12142,12143,3.287
17408,12156,12157,4.008
17409,12158,12159,0.817
17410,12160,12161,0.24
17411,12182,12183,2.686
17412,12184,12185,1.498
17413,12186,12187,5.237
17414,12188,12189,6.455
17415,12190,12191,5.315
17416,12192,12193,1.222
17417,12194,12195,1.749
17418,12236,12237,2.861
17419,12238,12239,0.015
17420,12306,12307,0.954
17421,12308,12309,1.818
17422,12446,12447,2.877
17423,12448,12449,3.779
17424,12450,12451,4.353
17425,12452,12453,10.915
17426,12454,12455,6.606
17427,12456,12457,4.448
17428,12538,12539,0.372
17429,12572,12573,21.682
17430,12574,12575,0.192
17431,12576,12577,4.059
17432,12592,12593,1.667
17433,12594,12595,0.757
17434,12596,12597,3.975
17435,12598,12599,1.383
17436,12600,12601,2.549
17437,12602,12603,1.34
17438,12604,12605,6.402
17439,12606,12607,7.316
17440,12608,12609,2.694
17441,12610,12611,13.984
17442,12620,12621,3.561
17443,12622,12623,3.625
17444,12624,12625,8.342
17445,12626,12627,1.483
17446,12636,12637,7.718
17447,12754,12755,0.736
17448,12758,12759,1.223
17449,13152,13153,0.879
17450,13154,13155,5.809
17451,13156,13157,6.567
17452,13166,13167,0.39
17453,13168,13169,0.013
17454,13170,13171,1.948
17455,13172,13173,3.964
17456,13174,13175,3.999
17457,13176,13177,1.404
17458,13178,13179,0.389
17459,13180,13181,3.244
17460,13298,13299,0.714
17461,13300,13301,2.58
17462,13302,13303,3.386
17463,13540,13541,8.668
17464,13578,13579,2.228
17465,13580,13581,8.391
17466,13610,13611,2.739
17467,13612,13613,8.006
17468,14030,14031,5.084
17469,14032,14033,3.947
17470,14034,14035,4.579
17471,14084,14085,1.608
17472,14120,14121,3.927
17473,14122,14123,8.426
17474,14150,14151,3.115
17475,14158,14159,1.73
17476,14160,14161,2.36
17477,14162,14163,4.48
17478,14168,14169,0.835
17479,14170,14171,0.846
17480,14172,14173,0.767
17481,14174,14175,1.944
17482,14176,14177,5.408
17483,14178,14179,7.892
17484,14180,14181,9.432
17485,14182,14183,5.885
17486,14214,14215,0.573
17487,14216,14217,8.216
17488,14218,14219,2.952
17489,14254,14255,15.128
17490,14256,14257,5.408
17491,14258,14259,17.348
17492,14260,14261,2.688
17493,14262,14263,1.96
17494,14302,14303,32.243
17495,14304,14305,8.025
17496,14306,14307,1.81
17497,14308,14309,0.114
17498,14310,14311,9.105
17499,14312,14313,2.91
17500,14404,14405,4.992
17501,14432,14433,1.962
17502,14550,14551,2.033
17503,14552,14553,5.881
17504,14586,14587,4.935
17505,14588,14589,3.099
17506,14590,14591,0.74
17507,14592,14593,0.023
17508,14868,14869,5.376
17509,14870,14871,4.5
17510,14872,14873,2.76
17511,14874,14875,2.165
17512,14876,14877,3.929
17513,14906,14907,9.853
17514,14908,14909,4.425
17515,14910,14911,2.023
17516,14912,14913,142.332
17517,14950,14951,23.046
17518,14952,14953,2.535
17519,14954,14955,26.284
17520,14956,14957,9.134
17521,14958,14959,8.129
17522,14960,14961,5.043
17523,14962,14963,2.926
17524,15224,15225,19.426
17525,15226,15227,5.921
17526,15228,15229,4.839
17527,15230,15231,4.529
17528,15232,15233,1.831
17529,15234,15235,2.778
17530,15354,15355,0.773
17531,15358,15359,2.34
17532,15364,15365,8.641
17533,15366,15367,1.131
17534,15368,15369,0.212
17535,15486,15487,3.717
17536,15488,15489,3.478
17537,15490,15491,0.512
17538,15494,15495,11.617
17539,15512,15513,3.888
17540,15514,15515,0.553
17541,15516,15517,1.436
17542,15518,15519,7.34
17543,15524,15525,7.522
17544,15526,15527,7.243
17545,15580,15581,2.299
17546,15582,15583,13.776
17547,15584,15585,5.166
17548,15586,15587,12.132
17549,15588,15589,1.665
17550,15590,15591,6.356
17551,15592,15593,3.337
17552,15594,15595,12.996
17553,15596,15597,3.982
17554,15598,15599,2.807
17555,15710,15711,3.123
17556,15712,15713,6.128
17557,15714,15715,0.326
17558,15718,15719,4.511
17559,15720,15721,9.574
17560,15722,15723,2.669
17561,15728,15729,0.455
17562,15730,15731,2.555
17563,15732,15733,7.333
17564,15734,15735,2.753
17565,15744,15745,3.838
17566,15746,15747,5.484
17567,15748,15749,7.575
17568,15752,15753,6.224
17569,15754,15755,6.471
17570,15904,15905,4.721
17571,15906,15907,0.474
17572,15908,15909,1.38
17573,15910,15911,3.13
17574,15912,15913,0.049
17575,15916,15917,3.623
17576,15934,15935,1.017
17577,15936,15937,4.101
17578,15944,15945,3.182
17579,15946,15947,3.908
17580,15972,15973,7.227
17581,15978,15979,7.912
17582,15980,15981,1.646
17583,15982,15983,3.376
17584,15984,15985,26.054
17585,15986,15987,1.579
17586,15988,15989,28.189
17587,15990,15991,7.116
17588,15992,15993,5.565
17589,15994,15995,46.714
17590,16066,16067,1.054
17591,16074,16075,16.754
17592,16076,16077,17.981
17593,16078,16079,6.649
17594,16080,16081,11.525
17595,16204,16205,1.662
17596,16206,16207,5.353
17597,16208,16209,4.555
17598,16210,16211,0.797
17599,16218,16219,3.981
17600,16220,16221,0.069
17601,16222,16223,0.165
17602,16224,16225,0.024
17603,16226,16227,16.892
17604,16228,16229,5.073
17605,16234,16235,0.795
17606,16274,16275,1.434
17607,16314,16315,1.019
17608,16344,16345,7.841
17609,16346,16347,3.969
17610,16348,16349,6.501
17611,16350,16351,2.543
17612,16394,16395,8.022
17613,16500,16501,2.754
17614,16522,16523,12.758
17615,16524,16525,1.649
17616,16544,16545,12.621
17617,16566,16567,5.327
17618,16654,16655,4.726
17619,16656,16657,0.627
17620,16658,16659,14.653
17621,16660,16661,25.841
17622,16690,16691,0.971
17623,16692,16693,2.943
17624,16694,16695,0.942
17625,16696,16697,13.309
17626,16698,16699,4.965
17627,16700,16701,2.244
17628,16702,16703,3.472
17629,16704,16705,1.066
17630,16706,16707,4.358
17631,16746,16747,10.081
17632,16748,16749,0.721
17633,16750,16751,1.329
17634,16900,16901,0.903
17635,16904,16905,2.596
17636,16926,16927,10.145
17637,16944,16945,1.646
17638,16946,16947,0.158
17639,16952,16953,5.884
17640,16954,16955,2.095
17641,16956,16957,7.303
17642,16958,16959,5.982
17643,16960,16961,5.93
17644,16988,16989,0.785
17645,16990,16991,31.172
17646,17038,17039,7.414
17647,17040,17041,8.384
17648,17042,17043,8.02
17649,17126,17127,22.61
17650,17134,17135,4.838
17651,17204,17205,0.482
17652,17232,17233,3.868
17653,17234,17235,3.121
17654,17236,17237,2.784
17655,17238,17239,4.629
17656,17240,17241,1.779
17657,17242,17243,5.221
17658,17244,17245,2.191
17659,17250,17251,2.139
17660,17256,17257,5.509
17661,17264,17265,3.567
17662,17266,17267,1.643
17663,17268,17269,2.15
17664,17270,17271,5.952
17665,17272,17273,1.11
17666,17288,17289,4.308
17667,17290,17291,3.14
17668,17870,17871,24.396
17669,17872,17873,5.011
17670,17874,17875,4.147
17671,17884,17885,3.034
17672,17886,17887,0.309
17673,18026,18027,1.937
17674,18028,18029,0.8
17675,18046,18047,5.022
17676,18048,18049,1.291
17677,18050,18051,9.279
17678,18052,18053,2.542
17679,18054,18055,0.61
17680,18148,18149,25.889
17681,18150,18151,5.363
17682,18266,18267,10.463
17683,18268,18269,5.3
17684,18480,18481,10.954
17685,18482,18483,1.784
17686,18484,18485,0.964
17687,18488,18489,13.233
17688,19140,19141,3.97
17689,19144,19145,0.636
17690,19166,19167,1.763
17691,19168,19169,3.686
17692,19170,19171,1.654
17693,19172,19173,12.641
17694,19174,19175,0.898
17695,19176,19177,2.588
17696,19178,19179,1.794
17697,19284,19285,5.275
17698,19286,19287,2.504
17699,19306,19307,9.464
17700,19344,19345,5.496
17701,19460,19461,15.657
17702,19676,19677,2.183
17703,19678,19679,7.879
17704,19680,19681,16.128
17705,19684,19685,2.898
17706,19686,19687,1.568
17707,19688,19689,19.785
17708,19690,19691,2.394
17709,19694,19695,4.755
17710,19696,19697,2.469
17711,19702,19703,1.192
17712,19704,19705,0.628
17713,19706,19707,1.147
17714,19708,19709,3.657
17715,19710,19711,2.89
17716,19712,19713,5.095
17717,19714,19715,2.986
17718,19716,19717,4.274
17719,19718,19719,3.791
17720,19720,19721,0.776
17721,19722,19723,1.383
17722,19724,19725,1.545
17723,19726,19727,4.317
17724,19728,19729,2.485
17725,19730,19731,4.373
17726,19758,19759,5.299
17727,19760,19761,16.064
17728,19762,19763,4.851
17729,19780,19781,11.462
17730,19800,19801,5.658
17731,19808,19809,78.988
17732,19812,19813,6.58
17733,19816,19817,4.986
17734,19818,19819,8.727
17735,19840,19841,5.435
17736,19842,19843,7.343
17737,19844,19845,1.965
17738,19888,19889,2.311
17739,19890,19891,2.317
17740,19892,19893,4.073
17741,19894,19895,5.846
17742,19896,19897,2.098
17743,19970,19971,3.302
17744,19972,19973,9.559
17745,19974,19975,0.295
17746,19976,19977,0.181
17747,20154,20155,0.137
17748,20156,20157,0.919
17749,20254,20255,2.629
17750,20256,20257,5.258
17751,20258,20259,4.935
17752,20260,20261,9.246
17753,20262,20263,8.251
17754,20264,20265,1.731
17755,20266,20267,0.975
17756,20268,20269,3.973
17757,20274,20275,1.764
17758,20276,20277,7.176
17759,20278,20279,0.037
17760,20304,20305,31.257
17761,20306,20307,0.518
17762,20308,20309,28.926
17763,20310,20311,5.451
17764,20312,20313,7.202
17765,20314,20315,0.825
17766,20316,20317,0.29
17767,20318,20319,1.058
17768,20358,20359,6.039
17769,20420,20421,12.525
17770,20422,20423,1.825
17771,20424,20425,2.539
17772,20426,20427,0.827
17773,20428,20429,1.291
17774,20430,20431,1.848
17775,20438,20439,5.254
17776,20442,20443,0.926
17777,20444,20445,5.053
17778,20446,20447,2.961
17779,20448,20449,7.423
17780,20450,20451,15.139
17781,20452,20453,6.234
17782,20454,20455,3.605
17783,20456,20457,0.095
17784,20458,20459,2.455
17785,20460,20461,1.056
17786,20654,20655,7.567
17787,20656,20657,5.486
17788,20658,20659,8.12
17789,20664,20665,3.481
17790,20832,20833,2.1
17791,20834,20835,1.765
17792,20836,20837,1.675
17793,20838,20839,2.031
17794,21010,21011,2.709
17795,21012,21013,4.644
17796,21014,21015,3.016
17797,21016,21017,7.557
17798,21018,21019,7.851
17799,21032,21033,52.971
17800,21034,21035,11.11
17801,21082,21083,1.265
17802,21084,21085,2.12
17803,21160,21161,0.515
17804,21242,21243,7.787
17805,21258,21259,20.427
17806,21260,21261,11.977
17807,21262,21263,5.611
17808,21264,21265,8.964
17809,21266,21267,4.547
17810,21268,21269,4.029
17811,21270,21271,3.709
17812,21272,21273,0.339
17813,21274,21275,1.484
17814,21330,21331,10.455
17815,21332,21333,2.833
17816,21364,21365,3.74
17817,21446,21447,0.23
17818,21448,21449,4.517
17819,21450,21451,12.903
17820,21452,21453,2.538
17821,21454,21455,21.449
17822,21456,21457,2.371
17823,21458,21459,0.739
17824,21460,21461,7.471
17825,21462,21463,10.388
17826,21464,21465,8.462
17827,21472,21473,8.688
17828,21474,21475,0.772
17829,21478,21479,3.588
17830,21504,21505,17.044
17831,21514,21515,3.627
17832,21516,21517,5.59
17833,21546,21547,1.53
17834,21548,21549,8.772
17835,21550,21551,2.158
17836,21552,21553,0.166
17837,21554,21555,1.522
17838,21560,21561,0.666
17839,21564,21565,2.924
17840,21576,21577,1.802
17841,21578,21579,1.631
17842,21816,21817,10.192
17843,21818,21819,19.451
17844,21820,21821,4.948
17845,21822,21823,3.363
17846,21824,21825,7.469
17847,21832,21833,9.615
17848,21890,21891,5.749
17849,21892,21893,9.191
17850,21894,21895,0.555
17851,21896,21897,6.392
17852,21898,21899,2.995
17853,21900,21901,1.268
17854,21902,21903,5.22
17855,21904,21905,2.241
17856,21984,21985,0.66
17857,21986,21987,1.775
17858,21988,21989,1.195
17859,21994,21995,2.095
17860,21996,21997,2.19
17861,21998,21999,3.445
17862,22000,22001,3.516
17863,22048,22049,3.233
17864,22050,22051,0.826
17865,22052,22053,0.603
17866,22054,22055,0.274
17867,22142,22143,10.732
17868,22144,22145,4.918
17869,22148,22149,6.621
17870,22150,22151,5.725
17871,22154,22155,6.095
17872,22156,22157,3.412
17873,22158,22159,3.756
17874,22160,22161,23.076
17875,22172,22173,116.469
17876,22174,22175,17.047
17877,22176,22177,7.469
17878,22178,22179,3.628
17879,22182,22183,8.053
17880,22184,22185,0.075
17881,22186,22187,0.2
17882,22188,22189,0.813
17883,22190,22191,2.138
17884,22192,22193,0.118
17885,22194,22195,2.882
17886,22196,22197,2.088
17887,22198,22199,0.927
17888,22200,22201,3.189
17889,22202,22203,5.378
17890,22204,22205,1.605
17891,22206,22207,1.702
17892,22208,22209,1.221
17893,22210,22211,9.605
17894,22212,22213,7.651
17895,22214,22215,5.386
17896,22216,22217,9.995
17897,22220,22221,7.733
17898,22224,22225,1.287
17899,22226,22227,3.401
17900,22228,22229,0.744
17901,22230,22231,4.593
17902,22234,22235,2.687
17903,22264,22265,8.752
17904,22268,22269,15.899
17905,22368,22369,4.658
17906,22390,22391,23.612
17907,22392,22393,1.092
17908,22410,22411,4.355
17909,22412,22413,5.907
17910,22414,22415,11.695
17911,22416,22417,15.765
17912,22418,22419,6.819
17913,22428,22429,17.615
17914,22430,22431,0.265
17915,22440,22441,5.839
17916,22442,22443,2.136
17917,22444,22445,15.966
17918,22530,22531,12.607
17919,22532,22533,1.712
17920,22534,22535,16.682
17921,22536,22537,1.744
17922,22560,22561,1.412
17923,22562,22563,0.455
17924,22576,22577,4.249
17925,22578,22579,0.248
17926,22580,22581,22.123
17927,22584,22585,0.826
17928,22634,22635,0.555
17929,22636,22637,2.938
17930,22638,22639,9.379
17931,22710,22711,6.275
17932,22712,22713,17.154
17933,22750,22751,2.741
17934,22752,22753,10.224
17935,22754,22755,1.801
17936,22756,22757,0.921
17937,22920,22921,2.503
17938,22922,22923,13.265
17939,22924,22925,4.254
17940,22926,22927,1.759
17941,22928,22929,3.367
17942,22930,22931,11.731
17943,22932,22933,1.065
17944,22934,22935,10.444
17945,22936,22937,0.402
17946,22950,22951,0.023
17947,22954,22955,1.342
17948,22956,22957,0.525
17949,22958,22959,0.046
17950,22960,22961,0.333
17951,22962,22963,0.032
17952,22964,22965,0.775
17953,22966,22967,1.248
17954,22976,22977,20.545
17955,22978,22979,7.473
17956,22980,22981,8.807
17957,22982,22983,8.12
17958,22984,22985,1.941
17959,22986,22987,10.124
17960,23036,23037,20.694
17961,23038,23039,1.366
17962,23040,23041,2.457
17963,23042,23043,0.029
17964,23044,23045,3.851
17965,23046,23047,4.053
17966,23048,23049,1.949
17967,23050,23051,0.858
17968,23052,23053,6.458
17969,23054,23055,0.861
17970,23056,23057,1.335
17971,23058,23059,0.132
17972,23060,23061,1.746
17973,23062,23063,0.028
17974,23064,23065,1.206
17975,23076,23077,5.927
17976,23098,23099,21.024
17977,23100,23101,1.35
17978,23102,23103,3.495
17979,23140,23141,1.555
17980,23514,23515,2.765
17981,23526,23527,5.99
17982,23528,23529,20.259
17983,23530,23531,12.61
17984,23644,23645,5.514
17985,23646,23647,1.467
17986,23796,23797,12.132
17987,23798,23799,9.003
17988,23802,23803,4.324
17989,23838,23839,3.604
17990,23954,23955,6.189
17991,23956,23957,8.593
17992,23958,23959,5.295
17993,23960,23961,17.071
17994,23962,23963,1.43
17995,23964,23965,3.244
17996,24130,24131,0.676
17997,24140,24141,35.152
17998,24158,24159,6.127
17999,24160,24161,0.021
18000,24162,24163,0.02
18001,24164,24165,3.763
18002,24388,24389,10.57
18003,24398,24399,0.021
18004,24406,24407,2.178
18005,24408,24409,0.375
18006,24410,24411,5.383
18007,24412,24413,0.327
18008,24420,24421,24.116
18009,24422,24423,1.681
18010,24424,24425,0.288
18011,24426,24427,0.523
18012,24428,24429,4.013
18013,24430,24431,1.469
18014,24432,24433,14.681
18015,24434,24435,1.924
18016,24436,24437,4.261
18017,24438,24439,2.569
18018,24440,24441,1.282
18019,24442,24443,0.883
18020,24444,24445,2.207
18021,24446,24447,1.464
18022,24448,24449,1.584
18023,24450,24451,5.076
18024,24452,24453,7.053
18025,24454,24455,2.122
18026,24456,24457,2.313
18027,24458,24459,1.83
18028,24460,24461,3.568
18029,24462,24463,9.149
18030,24464,24465,12.016
18031,24466,24467,12.167
18032,24540,24541,2.993
18033,24542,24543,4.13
18034,24544,24545,1.611
18035,24546,24547,1.085
18036,24548,24549,10.233
18037,24798,24799,3.355
18038,24800,24801,10.956
18039,24810,24811,11.621
18040,24812,24813,3.769
18041,24814,24815,6.069
18042,24816,24817,20.016
18043,24944,24945,0.614
18044,24964,24965,3.022
18045,25212,25213,3.082
18046,25240,25241,0.309
18047,25258,25259,3.328
18048,25260,25261,3.165
18049,25308,25309,4.019
18050,25310,25311,5.005
18051,25312,25313,0.515
18052,25314,25315,3.488
18053,25316,25317,1.263
18054,25342,25343,1.057
18055,25344,25345,0.964
18056,25346,25347,0.553
18057,25348,25349,1.681
18058,25360,25361,5.589
18059,25362,25363,5.718
18060,25364,25365,11.473
18061,25366,25367,6.634
18062,25368,25369,10.967
18063,25370,25371,1.725
18064,25372,25373,1.755
18065,25374,25375,4.607
18066,25376,25377,5.362
18067,25378,25379,2.567
18068,25380,25381,1.836
18069,25382,25383,6.403
18070,25392,25393,44.267
18071,25398,25399,12.673
18072,25400,25401,2.795
18073,25402,25403,5.737
18074,25404,25405,0.293
18075,25406,25407,8.548
18076,25408,25409,4.006
18077,25410,25411,7.604
18078,25416,25417,0.577
18079,25418,25419,4.41
18080,25420,25421,4.371
18081,25426,25427,2.38
18082,25428,25429,3.488
18083,25432,25433,5.92
18084,25434,25435,2.337
18085,25448,25449,2.557
18086,25450,25451,1.587
18087,25452,25453,8.113
18088,25454,25455,13.442
18089,25456,25457,1.925
18090,25458,25459,11.634
18091,25460,25461,3.527
18092,25462,25463,1.268
18093,25464,25465,9.999
18094,25466,25467,8.119
18095,25468,25469,13.884
18096,25470,25471,6.225
18097,25472,25473,9.254
18098,25474,25475,4.798
18099,25476,25477,8.568
18100,25482,25483,23.321
18101,25484,25485,0.019
18102,25486,25487,1.061
18103,25488,25489,0.198
18104,25552,25553,1.489
18105,25554,25555,1.779
18106,25556,25557,2.657
18107,25570,25571,1.607
18108,25572,25573,4.531
18109,25574,25575,3.449
18110,25596,25597,1.477
18111,25600,25601,0.624
18112,25602,25603,3.958
18113,25604,25605,1.364
18114,25606,25607,5.841
18115,25608,25609,7.053
18116,25632,25633,4.108
18117,25634,25635,0.506
18118,25636,25637,3.75
18119,25792,25793,4.705
18120,25816,25817,13.918
18121,25818,25819,6.293
18122,25820,25821,2.964
18123,25822,25823,7.18
18124,25824,25825,7.28
18125,25826,25827,10.117
18126,25846,25847,12.75
18127,25848,25849,9.251
18128,25850,25851,3.443
18129,25852,25853,3.789
18130,25854,25855,0.449
18131,25856,25857,3.176
18132,25858,25859,9.096
18133,25860,25861,10.433
18134,25872,25873,0.472
18135,25874,25875,2.612
18136,25876,25877,20.359
18137,25878,25879,6.942
18138,25880,25881,1.931
18139,25882,25883,1.516
18140,25884,25885,0.745
18141,25886,25887,2.106
18142,25888,25889,8.656
18143,25890,25891,2.896
18144,25892,25893,1.88
18145,25896,25897,0.701
18146,25898,25899,0.474
18147,25900,25901,2.309
18148,25902,25903,0.453
18149,25932,25933,2.823
18150,25934,25935,6.297
18151,25936,25937,2.119
18152,25938,25939,0.519
18153,25940,25941,0.722
18154,25958,25959,2.508
18155,26000,26001,6.61
18156,26002,26003,4.442
18157,26004,26005,2.664
18158,26006,26007,0.815
18159,26008,26009,5.955
18160,26016,26017,2.348
18161,26072,26073,12.897
18162,26074,26075,1.813
18163,26076,26077,2.811
18164,26078,26079,11.653
18165,26080,26081,13.989
18166,26082,26083,3.83
18167,26200,26201,2.11
18168,26202,26203,3.688
18169,26342,26343,12.061
18170,26344,26345,4.751
18171,26362,26363,2.559
18172,26364,26365,1.358
18173,26366,26367,11.488
18174,26368,26369,4.212
18175,26370,26371,6.553
18176,26372,26373,6.84
18177,26374,26375,4.664
18178,26376,26377,3.364
18179,26378,26379,2.022
18180,26380,26381,4.381
18181,26540,26541,2.105
18182,26542,26543,0.434
18183,26544,26545,5.806
18184,26546,26547,3.606
18185,26548,26549,7.67
18186,26640,26641,0.198
18187,26958,26959,1.957
18188,26960,26961,8.714
18189,26988,26989,2.506
18190,26990,26991,6.854
18191,26992,26993,6.908
18192,26994,26995,10.949
18193,26996,26997,7.413
18194,26998,26999,11.228
18195,27074,27075,13.458
18196,27202,27203,1.163
18197,27204,27205,2.498
18198,27206,27207,0.239
18199,27208,27209,12.165
18200,27548,27549,3.495
18201,27550,27551,9.72
18202,27586,27587,3.412
18203,27588,27589,5.674
18204,27590,27591,3.495
18205,27592,27593,24.681
18206,27606,27607,5.505
18207,27674,27675,19.763
18208,27698,27699,8.951
18209,27700,27701,6.172
18210,27736,27737,2.977
18211,27738,27739,1.684
18212,27740,27741,1.462
18213,27742,27743,1.147
18214,27744,27745,2.939
18215,27746,27747,0.81
18216,27748,27749,1.485
18217,27750,27751,0.854
18218,27752,27753,1.221
18219,27754,27755,0.698
18220,27756,27757,4.899
18221,27758,27759,3.091
18222,27760,27761,0.964
18223,27762,27763,1.296
18224,27764,27765,0.162
18225,27766,27767,0.779
18226,27768,27769,1.899
18227,27770,27771,2.093
18228,27772,27773,6.929
18229,27774,27775,9.936
18230,27776,27777,6.349
18231,27778,27779,1.148
18232,27780,27781,0.85
18233,27782,27783,2.318
18234,27784,27785,3.596
18235,27786,27787,5.01
18236,27788,27789,3.828
18237,27790,27791,2.796
18238,27792,27793,5.971
18239,27796,27797,3.95
18240,27798,27799,5.111
18241,27800,27801,2.319
18242,27802,27803,3.218
18243,27804,27805,6.029
18244,27806,27807,6.805
18245,27808,27809,6.431
18246,27810,27811,2.336
18247,27812,27813,0.383
18248,27814,27815,2.039
18249,27816,27817,1.62
18250,27940,27941,0.17
18251,27942,27943,0.019
18252,27944,27945,3.888
18253,27946,27947,15.132
18254,27948,27949,2.749
18255,27950,27951,1.871
18256,27952,27953,4.265
18257,27954,27955,1.654
18258,27956,27957,3.368
18259,28200,28201,4.432
18260,28202,28203,0.133
18261,28204,28205,1.178
18262,28206,28207,3.613
18263,28208,28209,15.466
18264,28210,28211,4.329
18265,28510,28511,4.91
18266,28528,28529,4.104
18267,28530,28531,25.303
18268,28546,28547,4.984
18269,28548,28549,1.752
18270,28550,28551,0.959
18271,28552,28553,0.184
18272,28554,28555,0.066
18273,28556,28557,2.0
18274,28558,28559,6.398
18275,28572,28573,0.767
18276,28650,28651,4.733
18277,28654,28655,7.148
18278,28656,28657,10.269
18279,28658,28659,8.869
18280,28660,28661,16.234
18281,28662,28663,22.029
18282,28686,28687,1.912
18283,28702,28703,4.082
18284,28952,28953,1.315
18285,28964,28965,1.354
18286,29062,29063,8.297
18287,29064,29065,4.108
18288,29100,29101,5.923
18289,29102,29103,1.024
18290,29104,29105,0.318
18291,29106,29107,1.974
18292,29108,29109,4.217
18293,29470,29471,5.073
18294,29728,29729,4.816
18295,29730,29731,3.208
18296,29732,29733,3.945
18297,29734,29735,1.974
18298,29764,29765,0.712
18299,29766,29767,24.426
18300,29780,29781,9.747
18301,29782,29783,3.626
18302,29930,29931,11.273
18303,29960,29961,1.083
18304,29996,29997,1.771
18305,29998,29999,3.113
18306,30174,30175,4.082
18307,30194,30195,1.749
18308,30364,30365,3.2
18309,30366,30367,10.87
18310,30592,30593,2.669
18311,30594,30595,15.247
18312,30596,30597,12.897
18313,30604,30605,2.334
18314,30688,30689,7.383
18315,30692,30693,139.276
18316,30694,30695,36.413
18317,30696,30697,5.443
18318,30698,30699,7.664
18319,30700,30701,10.058
18320,30702,30703,3.097
18321,30704,30705,2.387
18322,30706,30707,2.047
18323,30708,30709,2.407
18324,30710,30711,8.955
18325,30714,30715,2.791
18326,30716,30717,6.687
18327,30718,30719,5.353
18328,30720,30721,9.772
18329,30722,30723,7.958
18330,30724,30725,3.824
18331,30726,30727,5.729
18332,30728,30729,1.665
18333,30730,30731,1.8
18334,30732,30733,12.78
18335,30734,30735,5.511
18336,30746,30747,7.395
18337,30748,30749,37.375
18338,30750,30751,1.758
18339,30752,30753,2.739
18340,30754,30755,5.794
18341,30756,30757,4.214
18342,30758,30759,9.196
18343,30760,30761,12.476
18344,30764,30765,2.641
18345,30766,30767,13.579
18346,30768,30769,0.712
18347,30776,30777,28.793
18348,30778,30779,8.506
18349,30780,30781,2.73
18350,30784,30785,1.55
18351,30786,30787,0.856
18352,30788,30789,0.087
18353,30790,30791,3.449
18354,30792,30793,3.619
18355,30794,30795,4.829
18356,30796,30797,3.069
18357,30798,30799,2.011
18358,30800,30801,2.094
18359,30802,30803,4.486
18360,30804,30805,3.39
18361,30806,30807,3.216
18362,30808,30809,0.215
18363,30810,30811,1.657
18364,30812,30813,2.933
18365,30814,30815,7.251
18366,30816,30817,1.431
18367,30818,30819,0.7
18368,30820,30821,1.738
18369,30822,30823,0.96
18370,30824,30825,2.161
18371,30826,30827,3.207
18372,30828,30829,5.022
18373,30830,30831,4.157
18374,30832,30833,0.515
18375,30834,30835,0.24
18376,30836,30837,5.878
18377,30838,30839,8.326
18378,30920,30921,76.665
18379,30922,30923,4.367
18380,30924,30925,10.136
18381,30926,30927,9.413
18382,30928,30929,2.275
18383,30930,30931,2.906
18384,30932,30933,5.187
18385,30934,30935,14.414
18386,30936,30937,1.319
18387,30938,30939,3.066
18388,30940,30941,13.403
18389,30942,30943,3.767
18390,30944,30945,6.633
18391,30946,30947,4.039
18392,30948,30949,0.013
18393,30950,30951,7.764
18394,30952,30953,3.18
18395,30954,30955,5.232
18396,30956,30957,4.406
18397,30958,30959,5.78
18398,30960,30961,5.678
18399,30962,30963,2.593
18400,30964,30965,0.598
18401,30966,30967,23.702
18402,30968,30969,1.983
18403,30970,30971,3.048
18404,30972,30973,10.849
18405,30974,30975,43.796
18406,30980,30981,8.547
18407,31034,31035,2.837
18408,31038,31039,5.376
18409,31064,31065,18.891
18410,31086,31087,1.81
18411,31088,31089,4.311
18412,31110,31111,14.553
18413,31228,31229,5.058
18414,31296,31297,3.66
18415,31298,31299,1.061
18416,31300,31301,1.111
18417,31418,31419,0.308
18418,31526,31527,5.772
18419,31528,31529,8.624
18420,31532,31533,0.915
18421,31534,31535,4.597
18422,31536,31537,5.588
18423,31538,31539,2.573
18424,31758,31759,13.763
18425,31780,31781,4.243
18426,31782,31783,9.386
18427,31784,31785,6.894
18428,31786,31787,2.436
18429,31788,31789,4.26
18430,31790,31791,1.332
18431,31792,31793,0.898
18432,31794,31795,8.181
18433,31796,31797,0.742
18434,31798,31799,3.844
18435,31800,31801,0.78
18436,32016,32017,7.802
18437,32018,32019,2.646
18438,32020,32021,4.217
18439,32024,32025,1.505
18440,32026,32027,94.647
18441,32028,32029,2.455
18442,32034,32035,0.621
18443,32036,32037,2.967
18444,32038,32039,4.139
18445,32040,32041,0.475
18446,32164,32165,0.781
18447,32166,32167,1.794
18448,32168,32169,1.97
18449,32170,32171,6.888
18450,32172,32173,3.115
18451,32264,32265,17.154
18452,32266,32267,1.973
18453,32268,32269,8.001
18454,32270,32271,4.796
18455,32272,32273,2.916
18456,32274,32275,0.534
18457,32296,32297,5.874
18458,32298,32299,15.931
18459,32300,32301,21.788
18460,32302,32303,7.938
18461,32304,32305,15.549
18462,32316,32317,0.142
18463,32322,32323,1.004
18464,32478,32479,5.959
18465,32480,32481,14.153
18466,32482,32483,4.853
18467,32526,32527,9.792
18468,32528,32529,5.611
18469,32530,32531,0.279
18470,32532,32533,4.089
18471,32534,32535,8.027
18472,32544,32545,0.898
18473,32564,32565,0.559
18474,32566,32567,0.732
18475,32568,32569,1.332
18476,32570,32571,10.372
18477,32572,32573,0.38
18478,32574,32575,2.027
18479,32576,32577,4.321
18480,32578,32579,1.076
18481,32580,32581,8.018
18482,32582,32583,17.921
18483,32592,32593,2.022
18484,32594,32595,1.613
18485,32698,32699,2.59
18486,32700,32701,3.886
18487,32706,32707,0.884
18488,32708,32709,4.177
18489,32712,32713,2.479
18490,32714,32715,3.32
18491,32716,32717,1.354
18492,32718,32719,1.527
18493,32720,32721,0.026
18494,32722,32723,0.306
18495,32724,32725,0.968
18496,32726,32727,6.698
18497,32728,32729,3.858
18498,32730,32731,2.03
18499,32732,32733,2.042
18500,32734,32735,4.25
18501,32736,32737,6.483
18502,32738,32739,5.705
18503,32740,32741,2.531
18504,32742,32743,2.316
18505,32744,32745,1.397
18506,32746,32747,0.236
18507,32748,32749,0.096
18508,32750,32751,1.156
18509,32752,32753,1.523
18510,32754,32755,9.476
18511,32756,32757,19.587
18512,32758,32759,8.44
18513,32760,32761,2.355
18514,32762,32763,2.975
18515,32764,32765,3.236
18516,32766,32767,5.256
18517,32770,32771,13.98
18518,32772,32773,0.015
18519,32774,32775,3.503
18520,32776,32777,9.352
18521,32778,32779,16.715
18522,32794,32795,8.383
18523,32796,32797,8.641
18524,32798,32799,2.367
18525,32800,32801,0.158
18526,32802,32803,5.673
18527,32840,32841,21.193
18528,32842,32843,1.072
18529,32844,32845,26.781
18530,32930,32931,3.094
18531,32932,32933,4.624
18532,32990,32991,31.115
18533,32992,32993,4.121
18534,32994,32995,1.484
18535,32996,32997,3.329
18536,33006,33007,9.538
18537,33008,33009,9.86
18538,33010,33011,3.436
18539,33012,33013,2.139
18540,33014,33015,14.812
18541,33016,33017,2.9
18542,33020,33021,1.582
18543,33022,33023,2.251
18544,33024,33025,2.573
18545,33082,33083,1.763
18546,33084,33085,0.945
18547,33152,33153,1.859
18548,33154,33155,4.774
18549,33156,33157,3.364
18550,33158,33159,4.805
18551,33160,33161,4.846
18552,33162,33163,5.703
18553,33164,33165,2.134
18554,33166,33167,6.307
18555,33168,33169,1.664
18556,33170,33171,0.841
18557,33172,33173,1.472
18558,33174,33175,4.733
18559,33176,33177,3.509
18560,33178,33179,1.487
18561,33180,33181,3.14
18562,33182,33183,4.197
18563,33184,33185,3.55
18564,33186,33187,4.408
18565,33188,33189,1.39
18566,33190,33191,1.648
18567,33192,33193,4.723
18568,33194,33195,7.764
18569,33238,33239,4.392
18570,33278,33279,0.056
18571,33280,33281,7.616
18572,33282,33283,13.683
18573,33284,33285,1.05
18574,33292,33293,33.125
18575,33318,33319,8.54
18576,33320,33321,5.724
18577,33322,33323,1.611
18578,33324,33325,4.23
18579,33326,33327,3.316
18580,33342,33343,0.302
18581,33364,33365,3.586
18582,33366,33367,1.991
18583,33368,33369,9.143
18584,33376,33377,3.789
18585,33406,33407,0.728
18586,33408,33409,2.934
18587,33410,33411,0.915
18588,33426,33427,1.096
18589,33428,33429,8.502
18590,33430,33431,31.938
18591,33432,33433,3.046
18592,33434,33435,0.034
18593,33460,33461,1.328
18594,33466,33467,2.807
18595,33468,33469,0.569
18596,33500,33501,6.644
18597,33544,33545,0.366
18598,33546,33547,4.004
18599,33548,33549,9.078
18600,33550,33551,3.144
18601,33654,33655,10.773
18602,33656,33657,2.701
18603,33658,33659,5.129
18604,33660,33661,2.739
18605,33662,33663,3.609
18606,33716,33717,2.988
18607,33718,33719,4.073
18608,33720,33721,2.648
18609,33722,33723,10.928
18610,33724,33725,6.285
18611,33726,33727,4.28
18612,33810,33811,6.006
18613,33812,33813,4.064
18614,33814,33815,12.588
18615,33816,33817,3.166
18616,33824,33825,24.529
18617,33826,33827,0.207
18618,33848,33849,0.196
18619,33850,33851,4.34
18620,33860,33861,1.526
18621,33862,33863,0.674
18622,33864,33865,3.747
18623,33866,33867,1.43
18624,33868,33869,2.661
18625,33870,33871,1.53
18626,33872,33873,6.572
18627,33874,33875,8.089
18628,33876,33877,2.406
18629,33878,33879,1.822
18630,33890,33891,4.013
18631,33894,33895,1.508
18632,33898,33899,3.834
18633,33900,33901,4.762
18634,33906,33907,18.976
18635,33908,33909,2.984
18636,33910,33911,4.431
18637,33912,33913,24.982
18638,33914,33915,3.273
18639,33924,33925,4.151
18640,33926,33927,3.108
18641,33928,33929,39.783
18642,33930,33931,49.082
18643,34058,34059,1.109
18644,34062,34063,1.182
18645,34064,34065,3.408
18646,34442,34443,0.74
18647,34444,34445,5.506
18648,34446,34447,7.165
18649,34460,34461,0.362
18650,34462,34463,0.011
18651,34464,34465,1.659
18652,34466,34467,3.437
18653,34468,34469,3.539
18654,34470,34471,1.24
18655,34472,34473,0.343
18656,34474,34475,2.83
18657,34634,34635,3.383
18658,34636,34637,0.118
18659,34774,34775,2.514
18660,34776,34777,6.775
18661,34778,34779,4.562
18662,34780,34781,21.991
18663,34850,34851,9.726
18664,34852,34853,4.886
18665,34854,34855,6.61
18666,34856,34857,3.62
18667,34858,34859,0.411
18668,34860,34861,4.609
18669,34862,34863,0.341
18670,34864,34865,2.379
18671,34866,34867,0.229
18672,34916,34917,2.109
18673,34918,34919,4.024
18674,34920,34921,0.705
18675,34950,34951,3.059
18676,34952,34953,10.247
18677,35068,35069,6.544
18678,35236,35237,11.632
18679,35238,35239,4.695
18680,35240,35241,4.463
18681,35242,35243,6.081
18682,35252,35253,12.867
18683,35274,35275,7.847
18684,35372,35373,0.544
18685,35374,35375,0.934
18686,35376,35377,1.272
18687,35378,35379,1.1
18688,35380,35381,0.174
18689,35382,35383,5.868
18690,35390,35391,1.745
18691,35406,35407,7.615
18692,35408,35409,0.403
18693,35410,35411,0.381
18694,35412,35413,0.933
18695,35414,35415,1.358
18696,35418,35419,4.545
18697,35422,35423,0.331
18698,35424,35425,1.554
18699,35428,35429,0.192
18700,35430,35431,0.961
18701,35434,35435,1.633
18702,35438,35439,3.046
18703,35490,35491,1.969
18704,35528,35529,1.181
18705,35530,35531,50.752
18706,35532,35533,6.787
18707,35534,35535,2.393
18708,35536,35537,3.571
18709,35538,35539,0.901
18710,35540,35541,3.628
18711,35584,35585,2.221
18712,35608,35609,4.054
18713,35616,35617,1.821
18714,35618,35619,2.699
18715,35620,35621,5.888
18716,35626,35627,2.107
18717,35628,35629,1.122
18718,35630,35631,0.647
18719,35632,35633,1.892
18720,35634,35635,5.864
18721,35636,35637,7.604
18722,35638,35639,10.074
18723,35640,35641,6.263
18724,35654,35655,4.963
18725,35656,35657,3.779
18726,35686,35687,0.695
18727,35688,35689,9.415
18728,35690,35691,3.818
18729,35692,35693,19.799
18730,35728,35729,14.406
18731,35730,35731,5.666
18732,35732,35733,16.944
18733,35734,35735,1.666
18734,35736,35737,2.539
18735,35740,35741,0.241
18736,35746,35747,1.543
18737,35764,35765,1.848
18738,35774,35775,1.678
18739,35776,35777,2.274
18740,35782,35783,0.519
18741,35784,35785,2.529
18742,35786,35787,0.761
18743,35788,35789,0.835
18744,35802,35803,3.288
18745,35804,35805,7.075
18746,35912,35913,5.241
18747,35916,35917,4.246
18748,35918,35919,10.623
18749,35924,35925,2.135
18750,35926,35927,14.434
18751,35928,35929,0.556
18752,35952,35953,2.355
18753,35954,35955,8.68
18754,35968,35969,7.095
18755,35970,35971,4.261
18756,35972,35973,7.851
18757,35974,35975,10.52
18758,35976,35977,6.501
18759,36006,36007,0.881
18760,36008,36009,4.906
18761,36088,36089,4.052
18762,36110,36111,14.045
18763,36112,36113,19.316
18764,36126,36127,13.661
18765,36128,36129,0.899
18766,36130,36131,2.181
18767,36132,36133,4.613
18768,36134,36135,3.654
18769,36136,36137,1.238
18770,36138,36139,0.025
18771,36450,36451,15.545
18772,36452,36453,2.79
18773,36464,36465,3.086
18774,36466,36467,4.401
18775,36468,36469,2.013
18776,36470,36471,2.568
18777,36472,36473,19.335
18778,36500,36501,10.103
18779,36502,36503,4.538
18780,36504,36505,2.986
18781,36840,36841,13.69
18782,36846,36847,14.368
18783,36848,36849,5.431
18784,36850,36851,7.526
18785,36852,36853,5.185
18786,36854,36855,1.962
18787,36856,36857,2.953
18788,36858,36859,5.978
18789,36876,36877,17.516
18790,36878,36879,7.406
18791,36984,36985,1.624
18792,36986,36987,0.578
18793,36988,36989,0.728
18794,36992,36993,3.363
18795,36998,36999,10.617
18796,37000,37001,1.639
18797,37002,37003,0.264
18798,37006,37007,0.324
18799,37008,37009,1.365
18800,37010,37011,0.289
18801,37012,37013,1.551
18802,37014,37015,1.252
18803,37016,37017,1.219
18804,37018,37019,2.21
18805,37026,37027,15.449
18806,37028,37029,3.269
18807,37030,37031,2.853
18808,37032,37033,5.042
18809,37034,37035,3.362
18810,37036,37037,6.853
18811,37038,37039,3.767
18812,37178,37179,16.535
18813,37182,37183,1.418
18814,37184,37185,0.032
18815,37186,37187,1.818
18816,37188,37189,0.119
18817,37190,37191,1.488
18818,37194,37195,5.022
18819,37214,37215,1.086
18820,37216,37217,6.682
18821,37224,37225,14.409
18822,37226,37227,1.848
18823,37238,37239,7.357
18824,37240,37241,9.079
18825,37298,37299,2.3
18826,37300,37301,8.881
18827,37302,37303,5.736
18828,37304,37305,11.598
18829,37306,37307,1.705
18830,37308,37309,3.626
18831,37310,37311,3.25
18832,37312,37313,12.891
18833,37314,37315,3.955
18834,37316,37317,3.854
18835,37426,37427,3.595
18836,37428,37429,2.558
18837,37430,37431,0.128
18838,37436,37437,5.983
18839,37438,37439,2.905
18840,37440,37441,0.265
18841,37442,37443,0.484
18842,37444,37445,3.069
18843,37446,37447,8.691
18844,37448,37449,3.073
18845,37450,37451,2.101
18846,37452,37453,1.953
18847,37454,37455,0.147
18848,37456,37457,1.217
18849,37458,37459,3.873
18850,37460,37461,2.855
18851,37462,37463,49.153
18852,37466,37467,2.461
18853,37468,37469,8.225
18854,37470,37471,3.864
18855,37632,37633,1.998
18856,37634,37635,1.5
18857,37646,37647,3.222
18858,37652,37653,3.02
18859,37654,37655,0.049
18860,37674,37675,0.788
18861,37676,37677,10.209
18862,37678,37679,3.602
18863,37680,37681,5.43
18864,37682,37683,1.295
18865,37684,37685,0.545
18866,37692,37693,3.073
18867,37694,37695,0.566
18868,37698,37699,2.333
18869,37700,37701,0.698
18870,37712,37713,0.743
18871,37714,37715,3.429
18872,37742,37743,9.994
18873,37750,37751,7.93
18874,37752,37753,1.733
18875,37754,37755,3.46
18876,37756,37757,28.021
18877,37758,37759,1.507
18878,37760,37761,33.926
18879,37762,37763,7.324
18880,37764,37765,6.087
18881,37766,37767,50.237
18882,37836,37837,1.161
18883,37844,37845,24.734
18884,37846,37847,6.241
18885,37848,37849,0.66
18886,37856,37857,16.911
18887,37858,37859,22.02
18888,37860,37861,8.124
18889,37862,37863,14.787
18890,37864,37865,21.873
18891,37866,37867,6.79
18892,38006,38007,1.831
18893,38008,38009,5.093
18894,38010,38011,4.127
18895,38012,38013,0.825
18896,38024,38025,5.673
18897,38038,38039,4.156
18898,38044,38045,0.645
18899,38084,38085,1.54
18900,38124,38125,1.247
18901,38162,38163,11.195
18902,38164,38165,6.443
18903,38168,38169,2.403
18904,38240,38241,8.83
18905,38364,38365,4.195
18906,38386,38387,17.984
18907,38388,38389,2.394
18908,38408,38409,12.606
18909,38430,38431,21.043
18910,38432,38433,1.92
18911,38518,38519,4.726
18912,38520,38521,0.563
18913,38522,38523,14.355
18914,38524,38525,23.227
18915,38542,38543,6.131
18916,38544,38545,2.149
18917,38560,38561,1.461
18918,38562,38563,4.001
18919,38564,38565,1.1
18920,38566,38567,14.002
18921,38568,38569,5.257
18922,38570,38571,2.28
18923,38572,38573,3.445
18924,38574,38575,1.244
18925,38576,38577,21.881
18926,38606,38607,12.745
18927,38608,38609,4.314
18928,38610,38611,4.3
18929,38624,38625,9.342
18930,38626,38627,0.695
18931,38628,38629,0.953
18932,38630,38631,1.988
18933,38632,38633,1.327
18934,38636,38637,8.459
18935,38638,38639,2.145
18936,38640,38641,3.762
18937,38700,38701,2.298
18938,38740,38741,5.162
18939,38796,38797,0.879
18940,38798,38799,4.6
18941,38800,38801,3.152
18942,38806,38807,9.029
18943,38834,38835,6.236
18944,38850,38851,2.7
18945,38852,38853,0.182
18946,38858,38859,5.248
18947,38860,38861,1.9
18948,38862,38863,6.17
18949,38864,38865,5.351
18950,38866,38867,5.913
18951,38894,38895,1.684
18952,38896,38897,2.588
18953,38898,38899,17.649
18954,38900,38901,3.951
18955,38904,38905,2.804
18956,38906,38907,1.636
18957,38908,38909,6.392
18958,38910,38911,3.966
18959,38918,38919,0.236
18960,38998,38999,23.836
18961,39000,39001,5.077
18962,39002,39003,6.516
18963,39004,39005,46.087
18964,39006,39007,7.136
18965,39008,39009,7.094
18966,39010,39011,3.752
18967,39040,39041,4.526
18968,39042,39043,0.575
18969,39044,39045,0.589
18970,39108,39109,23.336
18971,39148,39149,2.832
18972,39150,39151,2.654
18973,39152,39153,0.812
18974,39154,39155,3.363
18975,39156,39157,17.756
18976,39160,39161,0.221
18977,39170,39171,3.356
18978,39182,39183,10.898
18979,39184,39185,3.246
18980,39194,39195,2.298
18981,39198,39199,0.665
18982,39204,39205,2.473
18983,39230,39231,0.06
18984,39232,39233,1.925
18985,39234,39235,3.537
18986,39236,39237,2.893
18987,39238,39239,3.465
18988,39240,39241,10.029
18989,39242,39243,1.867
18990,39244,39245,4.656
18991,39256,39257,4.287
18992,39264,39265,4.339
18993,39270,39271,1.424
18994,39276,39277,20.344
18995,39284,39285,1.653
18996,39286,39287,3.259
18997,39288,39289,6.593
18998,39290,39291,4.681
18999,39292,39293,0.87
19000,39328,39329,1.001
19001,39330,39331,2.574
19002,39340,39341,6.455
19003,39368,39369,2.948
19004,39400,39401,4.39
19005,39402,39403,6.152
19006,39406,39407,13.501
19007,39452,39453,0.957
19008,39454,39455,1.133
19009,39458,39459,14.435
19010,39460,39461,0.028
19011,39462,39463,1.958
19012,39464,39465,0.02
19013,39466,39467,6.538
19014,39468,39469,5.323
19015,39470,39471,0.018
19016,39472,39473,0.602
19017,39474,39475,6.633
19018,39476,39477,0.104
19019,39774,39775,7.251
19020,39960,39961,0.017
19021,39962,39963,1.036
19022,39992,39993,25.099
19023,39994,39995,5.332
19024,39996,39997,5.502
19025,40004,40005,0.604
19026,40006,40007,0.344
19027,40010,40011,1.376
19028,40012,40013,0.011
19029,40014,40015,0.441
19030,40016,40017,0.016
19031,40018,40019,0.239
19032,40020,40021,1.752
19033,40026,40027,3.215
19034,40028,40029,0.353
19035,40032,40033,1.905
19036,40034,40035,0.358
19037,40036,40037,0.833
19038,40038,40039,0.854
19039,40040,40041,0.672
19040,40180,40181,3.426
19041,40192,40193,4.195
19042,40194,40195,1.227
19043,40214,40215,4.266
19044,40216,40217,4.612
19045,40218,40219,8.895
19046,40220,40221,6.045
19047,40222,40223,11.376
19048,40224,40225,2.827
19049,40226,40227,0.747
19050,40320,40321,4.95
19051,40434,40435,38.109
19052,40436,40437,4.723
19053,40438,40439,7.214
19054,40440,40441,5.266
19055,40442,40443,2.531
19056,40444,40445,4.274
19057,40456,40457,5.075
19058,40668,40669,2.385
19059,40670,40671,42.179
19060,40674,40675,11.019
19061,40676,40677,1.745
19062,40678,40679,39.22
19063,40680,40681,3.8
19064,40682,40683,3.205
19065,40684,40685,2.564
19066,40792,40793,1.897
19067,40794,40795,7.005
19068,40796,40797,32.446
19069,40798,40799,5.634
19070,40840,40841,1.838
19071,40842,40843,1.187
19072,40844,40845,6.371
19073,40846,40847,1.505
19074,40848,40849,1.482
19075,41404,41405,1.945
19076,41406,41407,5.15
19077,41408,41409,4.305
19078,41410,41411,3.463
19079,41522,41523,2.733
19080,41524,41525,1.962
19081,41544,41545,8.209
19082,41588,41589,1.571
19083,41716,41717,2.736
19084,41718,41719,4.091
19085,41720,41721,2.936
19086,41892,41893,7.97
