,request_id,orig_id,rq_time,start,end
0,0,21,1,102254,107933
1,1,21,3601,102254,107933
2,2,21,7201,102254,107933
3,3,21,10801,102254,107933
4,4,21,14401,102254,107933
5,5,21,18001,102254,107933
6,6,21,21601,102254,107933
7,7,21,25201,102254,107933
8,8,21,28801,102254,107933
9,9,21,32401,102254,107933
10,10,21,36001,102254,107933
11,11,21,39601,102254,107933
12,12,21,43201,102254,107933
13,13,21,46801,102254,107933
14,14,21,50401,102254,107933
15,15,21,54001,102254,107933
16,16,21,57601,102254,107933
17,17,21,61201,102254,107933
18,18,21,64801,102254,107933
19,19,21,68401,102254,107933
20,20,21,72001,102254,107933
21,21,21,75601,102254,107933
22,22,21,79201,102254,107933
23,23,21,82801,102254,107933