"simulation_index","MOD_demand_subset","fleet_size","network_name","vehtype","objective_function","evaluation_int_start","evaluation_int_end","random_seed","start_time","end_time","op_module","demand_base","op_init_veh_distribution","network_type","sim_env","sumo_t_update","sumo_fcd_vehicles","rerouting_sc","hybrid_router","p_ref","reliable_tt_det","f_det","reliable_tt_prob","k_quantile","sim_declined_rq","Simulated?"
"1","0.02","200","sumo_in","FP_hailing_vehtype","total_system_time","21600","28800","0","18000","32400","PoolingIRSOnly","sumo_in","","NetworkBasicWithStoreCppSumoCoupling","SUMOcontrolledSim","",,,"0","","0","","0","","pv_replacement","1"
"2","0.05","500","sumo_in","FP_hailing_vehtype","total_system_time","21600","28800","0","18000","32400","PoolingIRSOnly","sumo_in","","NetworkBasicWithStoreCppSumoCoupling","SUMOcontrolledSim","",,,"0","","0","","0","","pv_replacement","1"
"3","0.1","1000","sumo_in","FP_hailing_vehtype","total_system_time","21600","28800","0","18000","32400","PoolingIRSOnly","sumo_in","","NetworkBasicWithStoreCppSumoCoupling","SUMOcontrolledSim","",,,"0","","0","","0","","pv_replacement","0"
"4","0.2","2000","sumo_in","FP_hailing_vehtype","total_system_time","21600","28800","0","18000","32400","PoolingIRSOnly","sumo_in","","NetworkBasicWithStoreCppSumoCoupling","SUMOcontrolledSim","",,,"0","","0","","0","","pv_replacement","1"
"5","0.4","4000","sumo_in","FP_hailing_vehtype","total_system_time","21600","28800","0","18000","32400","PoolingIRSOnly","sumo_in","","NetworkBasicWithStoreCppSumoCoupling","SUMOcontrolledSim","",,,"0","","0","","0","","pv_replacement","1"
"6","0.6","6000","sumo_in","FP_hailing_vehtype","total_system_time","21600","28800","0","18000","32400","PoolingIRSOnly","sumo_in","","NetworkBasicWithStoreCppSumoCoupling","SUMOcontrolledSim","",,,"0","","0","","0","","pv_replacement","1"
"7","0.8","8000","sumo_in","FP_hailing_vehtype","total_system_time","21600","28800","0","18000","32400","PoolingIRSOnly","sumo_in","","NetworkBasicWithStoreCppSumoCoupling","SUMOcontrolledSim","",,,"0","","0","","0","","pv_replacement","1"
"8","1","10000","sumo_in","FP_hailing_vehtype","total_system_time","21600","28800","0","18000","32400","PoolingIRSOnly","sumo_in","","NetworkBasicWithStoreCppSumoCoupling","SUMOcontrolledSim","",,,"0","","0","","0","","pv_replacement","0"
"9","0.02","200","sumo_in_cf_1.2","FP_hailing_vehtype","total_system_time","21600","28800","0","18000","32400","PoolingIRSOnly","sumo_in","","NetworkBasicWithStoreCppSumoCoupling","SUMOcontrolledSim","",,,"0","","0","","0","","pv_replacement","0"
"10","0.05","500","sumo_in_cf_1.2","FP_hailing_vehtype","total_system_time","21600","28800","0","18000","32400","PoolingIRSOnly","sumo_in","","NetworkBasicWithStoreCppSumoCoupling","SUMOcontrolledSim","",,,"0","","0","","0","","pv_replacement","0"
"11","0.1","1000","sumo_in_cf_1.2","FP_hailing_vehtype","total_system_time","21600","28800","0","18000","32400","PoolingIRSOnly","sumo_in","","NetworkBasicWithStoreCppSumoCoupling","SUMOcontrolledSim","",,,"0","","0","","0","","pv_replacement","0"
"12","0.2","2000","sumo_in_cf_1.2","FP_hailing_vehtype","total_system_time","21600","28800","0","18000","32400","PoolingIRSOnly","sumo_in","","NetworkBasicWithStoreCppSumoCoupling","SUMOcontrolledSim","",,,"0","","0","","0","","pv_replacement","0"
"13","0.4","4000","sumo_in_cf_1.2","FP_hailing_vehtype","total_system_time","21600","28800","0","18000","32400","PoolingIRSOnly","sumo_in","","NetworkBasicWithStoreCppSumoCoupling","SUMOcontrolledSim","",,,"0","","0","","0","","pv_replacement","0"
"14","0.6","6000","sumo_in_cf_1.2","FP_hailing_vehtype","total_system_time","21600","28800","0","18000","32400","PoolingIRSOnly","sumo_in","","NetworkBasicWithStoreCppSumoCoupling","SUMOcontrolledSim","",,,"0","","0","","0","","pv_replacement","0"
"15","0.8","8000","sumo_in_cf_1.2","FP_hailing_vehtype","total_system_time","21600","28800","0","18000","32400","PoolingIRSOnly","sumo_in","","NetworkBasicWithStoreCppSumoCoupling","SUMOcontrolledSim","",,,"0","","0","","0","","pv_replacement","0"
"16","1","10000","sumo_in_cf_1.2","FP_hailing_vehtype","total_system_time","21600","28800","0","18000","32400","PoolingIRSOnly","sumo_in","","NetworkBasicWithStoreCppSumoCoupling","SUMOcontrolledSim","",,,"0","","0","","0","","pv_replacement","0"
"17","0.02","200","sumo_in_cf_1.4","FP_hailing_vehtype","total_system_time","21600","28800","0","18000","32400","PoolingIRSOnly","sumo_in","","NetworkBasicWithStoreCppSumoCoupling","SUMOcontrolledSim","",,,"0","","0","","0","","pv_replacement","1"
"18","0.05","500","sumo_in_cf_1.4","FP_hailing_vehtype","total_system_time","21600","28800","0","18000","32400","PoolingIRSOnly","sumo_in","","NetworkBasicWithStoreCppSumoCoupling","SUMOcontrolledSim","",,,"0","","0","","0","","pv_replacement","1"
"19","0.1","1000","sumo_in_cf_1.4","FP_hailing_vehtype","total_system_time","21600","28800","0","18000","32400","PoolingIRSOnly","sumo_in","","NetworkBasicWithStoreCppSumoCoupling","SUMOcontrolledSim","",,,"0","","0","","0","","pv_replacement","0"
"20","0.2","2000","sumo_in_cf_1.4","FP_hailing_vehtype","total_system_time","21600","28800","0","18000","32400","PoolingIRSOnly","sumo_in","","NetworkBasicWithStoreCppSumoCoupling","SUMOcontrolledSim","",,,"0","","0","","0","","pv_replacement","1"
"21","0.4","4000","sumo_in_cf_1.4","FP_hailing_vehtype","total_system_time","21600","28800","0","18000","32400","PoolingIRSOnly","sumo_in","","NetworkBasicWithStoreCppSumoCoupling","SUMOcontrolledSim","",,,"0","","0","","0","","pv_replacement","1"
"22","0.6","6000","sumo_in_cf_1.4","FP_hailing_vehtype","total_system_time","21600","28800","0","18000","32400","PoolingIRSOnly","sumo_in","","NetworkBasicWithStoreCppSumoCoupling","SUMOcontrolledSim","",,,"0","","0","","0","","pv_replacement","0"
"23","0.8","8000","sumo_in_cf_1.4","FP_hailing_vehtype","total_system_time","21600","28800","0","18000","32400","PoolingIRSOnly","sumo_in","","NetworkBasicWithStoreCppSumoCoupling","SUMOcontrolledSim","",,,"0","","0","","0","","pv_replacement","1"
"24","1","10000","sumo_in_cf_1.4","FP_hailing_vehtype","total_system_time","21600","28800","0","18000","32400","PoolingIRSOnly","sumo_in","","NetworkBasicWithStoreCppSumoCoupling","SUMOcontrolledSim","",,,"0","","0","","0","","pv_replacement","0"
"25","0.02","200","sumo_in_cf_1.6","FP_hailing_vehtype","total_system_time","21600","28800","0","18000","32400","PoolingIRSOnly","sumo_in","","NetworkBasicWithStoreCppSumoCoupling","SUMOcontrolledSim","",,,"0","","0","","0","","pv_replacement","1"
"26","0.05","500","sumo_in_cf_1.6","FP_hailing_vehtype","total_system_time","21600","28800","0","18000","32400","PoolingIRSOnly","sumo_in","","NetworkBasicWithStoreCppSumoCoupling","SUMOcontrolledSim","",,,"0","","0","","0","","pv_replacement","1"
"27","0.1","1000","sumo_in_cf_1.6","FP_hailing_vehtype","total_system_time","21600","28800","0","18000","32400","PoolingIRSOnly","sumo_in","","NetworkBasicWithStoreCppSumoCoupling","SUMOcontrolledSim","",,,"0","","0","","0","","pv_replacement","0"
"28","0.2","2000","sumo_in_cf_1.6","FP_hailing_vehtype","total_system_time","21600","28800","0","18000","32400","PoolingIRSOnly","sumo_in","","NetworkBasicWithStoreCppSumoCoupling","SUMOcontrolledSim","",,,"0","","0","","0","","pv_replacement","1"
"29","0.4","4000","sumo_in_cf_1.6","FP_hailing_vehtype","total_system_time","21600","28800","0","18000","32400","PoolingIRSOnly","sumo_in","","NetworkBasicWithStoreCppSumoCoupling","SUMOcontrolledSim","",,,"0","","0","","0","","pv_replacement","1"
"30","0.6","6000","sumo_in_cf_1.6","FP_hailing_vehtype","total_system_time","21600","28800","0","18000","32400","PoolingIRSOnly","sumo_in","","NetworkBasicWithStoreCppSumoCoupling","SUMOcontrolledSim","",,,"0","","0","","0","","pv_replacement","1"
"31","0.8","8000","sumo_in_cf_1.6","FP_hailing_vehtype","total_system_time","21600","28800","0","18000","32400","PoolingIRSOnly","sumo_in","","NetworkBasicWithStoreCppSumoCoupling","SUMOcontrolledSim","",,,"0","","0","","0","","pv_replacement","1"
"32","1","10000","sumo_in_cf_1.6","FP_hailing_vehtype","total_system_time","21600","28800","0","18000","32400","PoolingIRSOnly","sumo_in","","NetworkBasicWithStoreCppSumoCoupling","SUMOcontrolledSim","",,,"0","","0","","0","","pv_replacement","0"
"33","0.02","200","sumo_in_cf_2","FP_hailing_vehtype","total_system_time","21600","28800","0","18000","32400","PoolingIRSOnly","sumo_in","","NetworkBasicWithStoreCppSumoCoupling","SUMOcontrolledSim","",,,"0","","0","","0","","pv_replacement","1"
"34","0.05","500","sumo_in_cf_2","FP_hailing_vehtype","total_system_time","21600","28800","0","18000","32400","PoolingIRSOnly","sumo_in","","NetworkBasicWithStoreCppSumoCoupling","SUMOcontrolledSim","",,,"0","","0","","0","","pv_replacement","1"
"35","0.1","1000","sumo_in_cf_2","FP_hailing_vehtype","total_system_time","21600","28800","0","18000","32400","PoolingIRSOnly","sumo_in","","NetworkBasicWithStoreCppSumoCoupling","SUMOcontrolledSim","",,,"0","","0","","0","","pv_replacement","0"
"36","0.2","2000","sumo_in_cf_2","FP_hailing_vehtype","total_system_time","21600","28800","0","18000","32400","PoolingIRSOnly","sumo_in","","NetworkBasicWithStoreCppSumoCoupling","SUMOcontrolledSim","",,,"0","","0","","0","","pv_replacement","1"
"37","0.4","4000","sumo_in_cf_2","FP_hailing_vehtype","total_system_time","21600","28800","0","18000","32400","PoolingIRSOnly","sumo_in","","NetworkBasicWithStoreCppSumoCoupling","SUMOcontrolledSim","",,,"0","","0","","0","","pv_replacement","1"
"38","0.6","6000","sumo_in_cf_2","FP_hailing_vehtype","total_system_time","21600","28800","0","18000","32400","PoolingIRSOnly","sumo_in","","NetworkBasicWithStoreCppSumoCoupling","SUMOcontrolledSim","",,,"0","","0","","0","","pv_replacement","1"
"39","0.8","8000","sumo_in_cf_2","FP_hailing_vehtype","total_system_time","21600","28800","0","18000","32400","PoolingIRSOnly","sumo_in","","NetworkBasicWithStoreCppSumoCoupling","SUMOcontrolledSim","",,,"0","","0","","0","","pv_replacement","1"
"40","1","10000","sumo_in_cf_2","FP_hailing_vehtype","total_system_time","21600","28800","0","18000","32400","PoolingIRSOnly","sumo_in","","NetworkBasicWithStoreCppSumoCoupling","SUMOcontrolledSim","",,,"0","","0","","0","","pv_replacement","0"
"41","0.02","200","sumo_in","FP_hailing_vehtype","total_system_time","21600","28800","0","18000","32400","PoolingIRSOnly","sumo_in","","NetworkBasicWithStoreCppSumoCoupling","SUMOcontrolledSim","450","op_0-pv_0.0",,"0","","0","","0","","pv_replacement","1"
"42","0.05","500","sumo_in","FP_hailing_vehtype","total_system_time","21600","28800","0","18000","32400","PoolingIRSOnly","sumo_in","","NetworkBasicWithStoreCppSumoCoupling","SUMOcontrolledSim","450","op_0-pv_0.0",,"0","","0","","0","","pv_replacement","1"
"43","0.1","1000","sumo_in","FP_hailing_vehtype","total_system_time","21600","28800","0","18000","32400","PoolingIRSOnly","sumo_in","","NetworkBasicWithStoreCppSumoCoupling","SUMOcontrolledSim","450","op_0-pv_0.0",,"0","","0","","0","","pv_replacement","0"
"44","0.2","2000","sumo_in","FP_hailing_vehtype","total_system_time","21600","28800","0","18000","32400","PoolingIRSOnly","sumo_in","","NetworkBasicWithStoreCppSumoCoupling","SUMOcontrolledSim","450","op_0-pv_0.0",,"0","","0","","0","","pv_replacement","1"
"45","0.4","4000","sumo_in","FP_hailing_vehtype","total_system_time","21600","28800","0","18000","32400","PoolingIRSOnly","sumo_in","","NetworkBasicWithStoreCppSumoCoupling","SUMOcontrolledSim","450","op_0-pv_0.0",,"0","","0","","0","","pv_replacement","0"
"46","0.6","6000","sumo_in","FP_hailing_vehtype","total_system_time","21600","28800","0","18000","32400","PoolingIRSOnly","sumo_in","","NetworkBasicWithStoreCppSumoCoupling","SUMOcontrolledSim","450","op_0-pv_0.0",,"0","","0","","0","","pv_replacement","1"
"47","0.8","8000","sumo_in","FP_hailing_vehtype","total_system_time","21600","28800","0","18000","32400","PoolingIRSOnly","sumo_in","","NetworkBasicWithStoreCppSumoCoupling","SUMOcontrolledSim","450","op_0-pv_0.0",,"0","","0","","0","","pv_replacement","0"
"48","1","10000","sumo_in","FP_hailing_vehtype","total_system_time","21600","28800","0","18000","32400","PoolingIRSOnly","sumo_in","","NetworkBasicWithStoreCppSumoCoupling","SUMOcontrolledSim","450","op_0-pv_0.0",,"0","","0","","0","","pv_replacement","0"
"49","0.02","200","sumo_in","FP_hailing_vehtype","total_system_time","21600","28800","0","18000","32400","PoolingIRSOnly","sumo_in","","NetworkBasicWithStoreCppSumoCoupling","SUMOcontrolledSim","450","all",,"0","","0","","0","","pv_replacement","1"
"50","0.05","500","sumo_in","FP_hailing_vehtype","total_system_time","21600","28800","0","18000","32400","PoolingIRSOnly","sumo_in","","NetworkBasicWithStoreCppSumoCoupling","SUMOcontrolledSim","450","all",,"0","","0","","0","","pv_replacement","1"
"51","0.1","1000","sumo_in","FP_hailing_vehtype","total_system_time","21600","28800","0","18000","32400","PoolingIRSOnly","sumo_in","","NetworkBasicWithStoreCppSumoCoupling","SUMOcontrolledSim","450","all",,"0","","0","","0","","pv_replacement","0"
"52","0.2","2000","sumo_in","FP_hailing_vehtype","total_system_time","21600","28800","0","18000","32400","PoolingIRSOnly","sumo_in","","NetworkBasicWithStoreCppSumoCoupling","SUMOcontrolledSim","450","all",,"0","","0","","0","","pv_replacement","1"
"53","0.4","4000","sumo_in","FP_hailing_vehtype","total_system_time","21600","28800","0","18000","32400","PoolingIRSOnly","sumo_in","","NetworkBasicWithStoreCppSumoCoupling","SUMOcontrolledSim","450","all",,"0","","0","","0","","pv_replacement","0"
"54","0.6","6000","sumo_in","FP_hailing_vehtype","total_system_time","21600","28800","0","18000","32400","PoolingIRSOnly","sumo_in","","NetworkBasicWithStoreCppSumoCoupling","SUMOcontrolledSim","450","all",,"0","","0","","0","","pv_replacement","0"
"55","0.8","8000","sumo_in","FP_hailing_vehtype","total_system_time","21600","28800","0","18000","32400","PoolingIRSOnly","sumo_in","","NetworkBasicWithStoreCppSumoCoupling","SUMOcontrolledSim","450","all",,"0","","0","","0","","pv_replacement","0"
"56","1","10000","sumo_in","FP_hailing_vehtype","total_system_time","21600","28800","0","18000","32400","PoolingIRSOnly","sumo_in","","NetworkBasicWithStoreCppSumoCoupling","SUMOcontrolledSim","450","all",,"0","","0","","0","","pv_replacement","0"
"57","0.02","200","sumo_in","FP_pooling_vehtype","total_system_time","21600","28800","0","18000","32400","PoolingIRSOnly","sumo_in","","NetworkBasicWithStoreCppSumoCoupling","SUMOcontrolledSim","450","op_0-pv_0.0",,"0","","0","","0","","pv_replacement","1"
"58","0.05","500","sumo_in","FP_pooling_vehtype","total_system_time","21600","28800","0","18000","32400","PoolingIRSOnly","sumo_in","","NetworkBasicWithStoreCppSumoCoupling","SUMOcontrolledSim","450","op_0-pv_0.0",,"0","","0","","0","","pv_replacement","1"
"59","0.1","1000","sumo_in","FP_pooling_vehtype","total_system_time","21600","28800","0","18000","32400","PoolingIRSOnly","sumo_in","","NetworkBasicWithStoreCppSumoCoupling","SUMOcontrolledSim","450","op_0-pv_0.0",,"0","","0","","0","","pv_replacement","0"
"60","0.2","2000","sumo_in","FP_pooling_vehtype","total_system_time","21600","28800","0","18000","32400","PoolingIRSOnly","sumo_in","","NetworkBasicWithStoreCppSumoCoupling","SUMOcontrolledSim","450","op_0-pv_0.0",,"0","","0","","0","","pv_replacement","0"
"61","0.4","4000","sumo_in","FP_pooling_vehtype","total_system_time","21600","28800","0","18000","32400","PoolingIRSOnly","sumo_in","","NetworkBasicWithStoreCppSumoCoupling","SUMOcontrolledSim","450","op_0-pv_0.0",,"0","","0","","0","","pv_replacement","1"
"62","0.6","6000","sumo_in","FP_pooling_vehtype","total_system_time","21600","28800","0","18000","32400","PoolingIRSOnly","sumo_in","","NetworkBasicWithStoreCppSumoCoupling","SUMOcontrolledSim","450","op_0-pv_0.0",,"0","","0","","0","","pv_replacement","1"
"63","0.8","8000","sumo_in","FP_pooling_vehtype","total_system_time","21600","28800","0","18000","32400","PoolingIRSOnly","sumo_in","","NetworkBasicWithStoreCppSumoCoupling","SUMOcontrolledSim","450","op_0-pv_0.0",,"0","","0","","0","","pv_replacement","0"
"64","1","10000","sumo_in","FP_pooling_vehtype","total_system_time","21600","28800","0","18000","32400","PoolingIRSOnly","sumo_in","","NetworkBasicWithStoreCppSumoCoupling","SUMOcontrolledSim","450","op_0-pv_0.0",,"0","","0","","0","","pv_replacement","0"
"65","0.02","200","sumo_in","FP_pooling_vehtype","total_system_time","21600","28800","0","18000","32400","PoolingIRSOnly","sumo_in","","NetworkBasicWithStoreCppSumoCoupling","SUMOcontrolledSim","450","all",,"0","","0","","0","","pv_replacement","1"
"66","0.05","500","sumo_in","FP_pooling_vehtype","total_system_time","21600","28800","0","18000","32400","PoolingIRSOnly","sumo_in","","NetworkBasicWithStoreCppSumoCoupling","SUMOcontrolledSim","450","all",,"0","","0","","0","","pv_replacement","1"
"67","0.1","1000","sumo_in","FP_pooling_vehtype","total_system_time","21600","28800","0","18000","32400","PoolingIRSOnly","sumo_in","","NetworkBasicWithStoreCppSumoCoupling","SUMOcontrolledSim","450","all",,"0","","0","","0","","pv_replacement","0"
"68","0.2","2000","sumo_in","FP_pooling_vehtype","total_system_time","21600","28800","0","18000","32400","PoolingIRSOnly","sumo_in","","NetworkBasicWithStoreCppSumoCoupling","SUMOcontrolledSim","450","all",,"0","","0","","0","","pv_replacement","0"
"69","0.4","4000","sumo_in","FP_pooling_vehtype","total_system_time","21600","28800","0","18000","32400","PoolingIRSOnly","sumo_in","","NetworkBasicWithStoreCppSumoCoupling","SUMOcontrolledSim","450","all",,"0","","0","","0","","pv_replacement","1"
"70","0.6","6000","sumo_in","FP_pooling_vehtype","total_system_time","21600","28800","0","18000","32400","PoolingIRSOnly","sumo_in","","NetworkBasicWithStoreCppSumoCoupling","SUMOcontrolledSim","450","all",,"0","","0","","0","","pv_replacement","0"
"71","0.8","8000","sumo_in","FP_pooling_vehtype","total_system_time","21600","28800","0","18000","32400","PoolingIRSOnly","sumo_in","","NetworkBasicWithStoreCppSumoCoupling","SUMOcontrolledSim","450","all",,"0","","0","","0","","pv_replacement","0"
"72","1","10000","sumo_in","FP_pooling_vehtype","total_system_time","21600","28800","0","18000","32400","PoolingIRSOnly","sumo_in","","NetworkBasicWithStoreCppSumoCoupling","SUMOcontrolledSim","450","all",,"0","","0","","0","","pv_replacement","0"
"1001","0.02","200","sumo_in","FP_hailing_vehtype","total_system_time","21600","28800","1","18000","32400","PoolingIRSOnly","sumo_in","","NetworkBasicWithStoreCppSumoCoupling","SUMOcontrolledSim","",,,"0","","0","","0","","pv_replacement","1"
"1002","0.05","500","sumo_in","FP_hailing_vehtype","total_system_time","21600","28800","1","18000","32400","PoolingIRSOnly","sumo_in","","NetworkBasicWithStoreCppSumoCoupling","SUMOcontrolledSim","",,,"0","","0","","0","","pv_replacement","1"
"1003","0.1","1000","sumo_in","FP_hailing_vehtype","total_system_time","21600","28800","1","18000","32400","PoolingIRSOnly","sumo_in","","NetworkBasicWithStoreCppSumoCoupling","SUMOcontrolledSim","",,,"0","","0","","0","","pv_replacement","0"
"1004","0.2","2000","sumo_in","FP_hailing_vehtype","total_system_time","21600","28800","1","18000","32400","PoolingIRSOnly","sumo_in","","NetworkBasicWithStoreCppSumoCoupling","SUMOcontrolledSim","",,,"0","","0","","0","","pv_replacement","1"
"1005","0.4","4000","sumo_in","FP_hailing_vehtype","total_system_time","21600","28800","1","18000","32400","PoolingIRSOnly","sumo_in","","NetworkBasicWithStoreCppSumoCoupling","SUMOcontrolledSim","",,,"0","","0","","0","","pv_replacement","1"
"1006","0.6","6000","sumo_in","FP_hailing_vehtype","total_system_time","21600","28800","1","18000","32400","PoolingIRSOnly","sumo_in","","NetworkBasicWithStoreCppSumoCoupling","SUMOcontrolledSim","",,,"0","","0","","0","","pv_replacement","1"
"1007","0.8","8000","sumo_in","FP_hailing_vehtype","total_system_time","21600","28800","1","18000","32400","PoolingIRSOnly","sumo_in","","NetworkBasicWithStoreCppSumoCoupling","SUMOcontrolledSim","",,,"0","","0","","0","","pv_replacement","1"
"1008","1","10000","sumo_in","FP_hailing_vehtype","total_system_time","21600","28800","1","18000","32400","PoolingIRSOnly","sumo_in","","NetworkBasicWithStoreCppSumoCoupling","SUMOcontrolledSim","",,,"0","","0","","0","","pv_replacement","0"
"1009","0.02","200","sumo_in_cf_1.2","FP_hailing_vehtype","total_system_time","21600","28800","1","18000","32400","PoolingIRSOnly","sumo_in","","NetworkBasicWithStoreCppSumoCoupling","SUMOcontrolledSim","",,,"0","","0","","0","","pv_replacement","0"
"1010","0.05","500","sumo_in_cf_1.2","FP_hailing_vehtype","total_system_time","21600","28800","1","18000","32400","PoolingIRSOnly","sumo_in","","NetworkBasicWithStoreCppSumoCoupling","SUMOcontrolledSim","",,,"0","","0","","0","","pv_replacement","0"
"1011","0.1","1000","sumo_in_cf_1.2","FP_hailing_vehtype","total_system_time","21600","28800","1","18000","32400","PoolingIRSOnly","sumo_in","","NetworkBasicWithStoreCppSumoCoupling","SUMOcontrolledSim","",,,"0","","0","","0","","pv_replacement","0"
"1012","0.2","2000","sumo_in_cf_1.2","FP_hailing_vehtype","total_system_time","21600","28800","1","18000","32400","PoolingIRSOnly","sumo_in","","NetworkBasicWithStoreCppSumoCoupling","SUMOcontrolledSim","",,,"0","","0","","0","","pv_replacement","0"
"1013","0.4","4000","sumo_in_cf_1.2","FP_hailing_vehtype","total_system_time","21600","28800","1","18000","32400","PoolingIRSOnly","sumo_in","","NetworkBasicWithStoreCppSumoCoupling","SUMOcontrolledSim","",,,"0","","0","","0","","pv_replacement","0"
"1014","0.6","6000","sumo_in_cf_1.2","FP_hailing_vehtype","total_system_time","21600","28800","1","18000","32400","PoolingIRSOnly","sumo_in","","NetworkBasicWithStoreCppSumoCoupling","SUMOcontrolledSim","",,,"0","","0","","0","","pv_replacement","0"
"1015","0.8","8000","sumo_in_cf_1.2","FP_hailing_vehtype","total_system_time","21600","28800","1","18000","32400","PoolingIRSOnly","sumo_in","","NetworkBasicWithStoreCppSumoCoupling","SUMOcontrolledSim","",,,"0","","0","","0","","pv_replacement","0"
"1016","1","10000","sumo_in_cf_1.2","FP_hailing_vehtype","total_system_time","21600","28800","1","18000","32400","PoolingIRSOnly","sumo_in","","NetworkBasicWithStoreCppSumoCoupling","SUMOcontrolledSim","",,,"0","","0","","0","","pv_replacement","0"
"1017","0.02","200","sumo_in_cf_1.4","FP_hailing_vehtype","total_system_time","21600","28800","1","18000","32400","PoolingIRSOnly","sumo_in","","NetworkBasicWithStoreCppSumoCoupling","SUMOcontrolledSim","",,,"0","","0","","0","","pv_replacement","1"
"1018","0.05","500","sumo_in_cf_1.4","FP_hailing_vehtype","total_system_time","21600","28800","1","18000","32400","PoolingIRSOnly","sumo_in","","NetworkBasicWithStoreCppSumoCoupling","SUMOcontrolledSim","",,,"0","","0","","0","","pv_replacement","1"
"1019","0.1","1000","sumo_in_cf_1.4","FP_hailing_vehtype","total_system_time","21600","28800","1","18000","32400","PoolingIRSOnly","sumo_in","","NetworkBasicWithStoreCppSumoCoupling","SUMOcontrolledSim","",,,"0","","0","","0","","pv_replacement","0"
"1020","0.2","2000","sumo_in_cf_1.4","FP_hailing_vehtype","total_system_time","21600","28800","1","18000","32400","PoolingIRSOnly","sumo_in","","NetworkBasicWithStoreCppSumoCoupling","SUMOcontrolledSim","",,,"0","","0","","0","","pv_replacement","1"
"1021","0.4","4000","sumo_in_cf_1.4","FP_hailing_vehtype","total_system_time","21600","28800","1","18000","32400","PoolingIRSOnly","sumo_in","","NetworkBasicWithStoreCppSumoCoupling","SUMOcontrolledSim","",,,"0","","0","","0","","pv_replacement","1"
"1022","0.6","6000","sumo_in_cf_1.4","FP_hailing_vehtype","total_system_time","21600","28800","1","18000","32400","PoolingIRSOnly","sumo_in","","NetworkBasicWithStoreCppSumoCoupling","SUMOcontrolledSim","",,,"0","","0","","0","","pv_replacement","0"
"1023","0.8","8000","sumo_in_cf_1.4","FP_hailing_vehtype","total_system_time","21600","28800","1","18000","32400","PoolingIRSOnly","sumo_in","","NetworkBasicWithStoreCppSumoCoupling","SUMOcontrolledSim","",,,"0","","0","","0","","pv_replacement","1"
"1024","1","10000","sumo_in_cf_1.4","FP_hailing_vehtype","total_system_time","21600","28800","1","18000","32400","PoolingIRSOnly","sumo_in","","NetworkBasicWithStoreCppSumoCoupling","SUMOcontrolledSim","",,,"0","","0","","0","","pv_replacement","0"
"1025","0.02","200","sumo_in_cf_1.6","FP_hailing_vehtype","total_system_time","21600","28800","1","18000","32400","PoolingIRSOnly","sumo_in","","NetworkBasicWithStoreCppSumoCoupling","SUMOcontrolledSim","",,,"0","","0","","0","","pv_replacement","1"
"1026","0.05","500","sumo_in_cf_1.6","FP_hailing_vehtype","total_system_time","21600","28800","1","18000","32400","PoolingIRSOnly","sumo_in","","NetworkBasicWithStoreCppSumoCoupling","SUMOcontrolledSim","",,,"0","","0","","0","","pv_replacement","1"
"1027","0.1","1000","sumo_in_cf_1.6","FP_hailing_vehtype","total_system_time","21600","28800","1","18000","32400","PoolingIRSOnly","sumo_in","","NetworkBasicWithStoreCppSumoCoupling","SUMOcontrolledSim","",,,"0","","0","","0","","pv_replacement","0"
"1028","0.2","2000","sumo_in_cf_1.6","FP_hailing_vehtype","total_system_time","21600","28800","1","18000","32400","PoolingIRSOnly","sumo_in","","NetworkBasicWithStoreCppSumoCoupling","SUMOcontrolledSim","",,,"0","","0","","0","","pv_replacement","1"
"1029","0.4","4000","sumo_in_cf_1.6","FP_hailing_vehtype","total_system_time","21600","28800","1","18000","32400","PoolingIRSOnly","sumo_in","","NetworkBasicWithStoreCppSumoCoupling","SUMOcontrolledSim","",,,"0","","0","","0","","pv_replacement","1"
"1030","0.6","6000","sumo_in_cf_1.6","FP_hailing_vehtype","total_system_time","21600","28800","1","18000","32400","PoolingIRSOnly","sumo_in","","NetworkBasicWithStoreCppSumoCoupling","SUMOcontrolledSim","",,,"0","","0","","0","","pv_replacement","1"
"1031","0.8","8000","sumo_in_cf_1.6","FP_hailing_vehtype","total_system_time","21600","28800","1","18000","32400","PoolingIRSOnly","sumo_in","","NetworkBasicWithStoreCppSumoCoupling","SUMOcontrolledSim","",,,"0","","0","","0","","pv_replacement","1"
"1032","1","10000","sumo_in_cf_1.6","FP_hailing_vehtype","total_system_time","21600","28800","1","18000","32400","PoolingIRSOnly","sumo_in","","NetworkBasicWithStoreCppSumoCoupling","SUMOcontrolledSim","",,,"0","","0","","0","","pv_replacement","0"
"1033","0.02","200","sumo_in_cf_2","FP_hailing_vehtype","total_system_time","21600","28800","1","18000","32400","PoolingIRSOnly","sumo_in","","NetworkBasicWithStoreCppSumoCoupling","SUMOcontrolledSim","",,,"0","","0","","0","","pv_replacement","1"
"1034","0.05","500","sumo_in_cf_2","FP_hailing_vehtype","total_system_time","21600","28800","1","18000","32400","PoolingIRSOnly","sumo_in","","NetworkBasicWithStoreCppSumoCoupling","SUMOcontrolledSim","",,,"0","","0","","0","","pv_replacement","1"
"1035","0.1","1000","sumo_in_cf_2","FP_hailing_vehtype","total_system_time","21600","28800","1","18000","32400","PoolingIRSOnly","sumo_in","","NetworkBasicWithStoreCppSumoCoupling","SUMOcontrolledSim","",,,"0","","0","","0","","pv_replacement","0"
"1036","0.2","2000","sumo_in_cf_2","FP_hailing_vehtype","total_system_time","21600","28800","1","18000","32400","PoolingIRSOnly","sumo_in","","NetworkBasicWithStoreCppSumoCoupling","SUMOcontrolledSim","",,,"0","","0","","0","","pv_replacement","1"
"1037","0.4","4000","sumo_in_cf_2","FP_hailing_vehtype","total_system_time","21600","28800","1","18000","32400","PoolingIRSOnly","sumo_in","","NetworkBasicWithStoreCppSumoCoupling","SUMOcontrolledSim","",,,"0","","0","","0","","pv_replacement","1"
"1038","0.6","6000","sumo_in_cf_2","FP_hailing_vehtype","total_system_time","21600","28800","1","18000","32400","PoolingIRSOnly","sumo_in","","NetworkBasicWithStoreCppSumoCoupling","SUMOcontrolledSim","",,,"0","","0","","0","","pv_replacement","1"
"1039","0.8","8000","sumo_in_cf_2","FP_hailing_vehtype","total_system_time","21600","28800","1","18000","32400","PoolingIRSOnly","sumo_in","","NetworkBasicWithStoreCppSumoCoupling","SUMOcontrolledSim","",,,"0","","0","","0","","pv_replacement","1"
"1040","1","10000","sumo_in_cf_2","FP_hailing_vehtype","total_system_time","21600","28800","1","18000","32400","PoolingIRSOnly","sumo_in","","NetworkBasicWithStoreCppSumoCoupling","SUMOcontrolledSim","",,,"0","","0","","0","","pv_replacement","0"
"1041","0.02","200","sumo_in","FP_hailing_vehtype","total_system_time","21600","28800","1","18000","32400","PoolingIRSOnly","sumo_in","","NetworkBasicWithStoreCppSumoCoupling","SUMOcontrolledSim","450","op_0-pv_0.0",,"0","","0","","0","","pv_replacement","1"
"1042","0.05","500","sumo_in","FP_hailing_vehtype","total_system_time","21600","28800","1","18000","32400","PoolingIRSOnly","sumo_in","","NetworkBasicWithStoreCppSumoCoupling","SUMOcontrolledSim","450","op_0-pv_0.0",,"0","","0","","0","","pv_replacement","1"
"1043","0.1","1000","sumo_in","FP_hailing_vehtype","total_system_time","21600","28800","1","18000","32400","PoolingIRSOnly","sumo_in","","NetworkBasicWithStoreCppSumoCoupling","SUMOcontrolledSim","450","op_0-pv_0.0",,"0","","0","","0","","pv_replacement","0"
"1044","0.2","2000","sumo_in","FP_hailing_vehtype","total_system_time","21600","28800","1","18000","32400","PoolingIRSOnly","sumo_in","","NetworkBasicWithStoreCppSumoCoupling","SUMOcontrolledSim","450","op_0-pv_0.0",,"0","","0","","0","","pv_replacement","1"
"1045","0.4","4000","sumo_in","FP_hailing_vehtype","total_system_time","21600","28800","1","18000","32400","PoolingIRSOnly","sumo_in","","NetworkBasicWithStoreCppSumoCoupling","SUMOcontrolledSim","450","op_0-pv_0.0",,"0","","0","","0","","pv_replacement","0"
"1046","0.6","6000","sumo_in","FP_hailing_vehtype","total_system_time","21600","28800","1","18000","32400","PoolingIRSOnly","sumo_in","","NetworkBasicWithStoreCppSumoCoupling","SUMOcontrolledSim","450","op_0-pv_0.0",,"0","","0","","0","","pv_replacement","1"
"1047","0.8","8000","sumo_in","FP_hailing_vehtype","total_system_time","21600","28800","1","18000","32400","PoolingIRSOnly","sumo_in","","NetworkBasicWithStoreCppSumoCoupling","SUMOcontrolledSim","450","op_0-pv_0.0",,"0","","0","","0","","pv_replacement","0"
"1048","1","10000","sumo_in","FP_hailing_vehtype","total_system_time","21600","28800","1","18000","32400","PoolingIRSOnly","sumo_in","","NetworkBasicWithStoreCppSumoCoupling","SUMOcontrolledSim","450","op_0-pv_0.0",,"0","","0","","0","","pv_replacement","0"
"1049","0.02","200","sumo_in","FP_hailing_vehtype","total_system_time","21600","28800","1","18000","32400","PoolingIRSOnly","sumo_in","","NetworkBasicWithStoreCppSumoCoupling","SUMOcontrolledSim","450","all",,"0","","0","","0","","pv_replacement","1"
"1050","0.05","500","sumo_in","FP_hailing_vehtype","total_system_time","21600","28800","1","18000","32400","PoolingIRSOnly","sumo_in","","NetworkBasicWithStoreCppSumoCoupling","SUMOcontrolledSim","450","all",,"0","","0","","0","","pv_replacement","1"
"1051","0.1","1000","sumo_in","FP_hailing_vehtype","total_system_time","21600","28800","1","18000","32400","PoolingIRSOnly","sumo_in","","NetworkBasicWithStoreCppSumoCoupling","SUMOcontrolledSim","450","all",,"0","","0","","0","","pv_replacement","0"
"1052","0.2","2000","sumo_in","FP_hailing_vehtype","total_system_time","21600","28800","1","18000","32400","PoolingIRSOnly","sumo_in","","NetworkBasicWithStoreCppSumoCoupling","SUMOcontrolledSim","450","all",,"0","","0","","0","","pv_replacement","1"
"1053","0.4","4000","sumo_in","FP_hailing_vehtype","total_system_time","21600","28800","1","18000","32400","PoolingIRSOnly","sumo_in","","NetworkBasicWithStoreCppSumoCoupling","SUMOcontrolledSim","450","all",,"0","","0","","0","","pv_replacement","0"
"1054","0.6","6000","sumo_in","FP_hailing_vehtype","total_system_time","21600","28800","1","18000","32400","PoolingIRSOnly","sumo_in","","NetworkBasicWithStoreCppSumoCoupling","SUMOcontrolledSim","450","all",,"0","","0","","0","","pv_replacement","0"
"1055","0.8","8000","sumo_in","FP_hailing_vehtype","total_system_time","21600","28800","1","18000","32400","PoolingIRSOnly","sumo_in","","NetworkBasicWithStoreCppSumoCoupling","SUMOcontrolledSim","450","all",,"0","","0","","0","","pv_replacement","0"
"1056","1","10000","sumo_in","FP_hailing_vehtype","total_system_time","21600","28800","1","18000","32400","PoolingIRSOnly","sumo_in","","NetworkBasicWithStoreCppSumoCoupling","SUMOcontrolledSim","450","all",,"0","","0","","0","","pv_replacement","0"
"1057","0.02","200","sumo_in","FP_pooling_vehtype","total_system_time","21600","28800","1","18000","32400","PoolingIRSOnly","sumo_in","","NetworkBasicWithStoreCppSumoCoupling","SUMOcontrolledSim","450","op_0-pv_0.0",,"0","","0","","0","","pv_replacement","1"
"1058","0.05","500","sumo_in","FP_pooling_vehtype","total_system_time","21600","28800","1","18000","32400","PoolingIRSOnly","sumo_in","","NetworkBasicWithStoreCppSumoCoupling","SUMOcontrolledSim","450","op_0-pv_0.0",,"0","","0","","0","","pv_replacement","1"
"1059","0.1","1000","sumo_in","FP_pooling_vehtype","total_system_time","21600","28800","1","18000","32400","PoolingIRSOnly","sumo_in","","NetworkBasicWithStoreCppSumoCoupling","SUMOcontrolledSim","450","op_0-pv_0.0",,"0","","0","","0","","pv_replacement","0"
"1060","0.2","2000","sumo_in","FP_pooling_vehtype","total_system_time","21600","28800","1","18000","32400","PoolingIRSOnly","sumo_in","","NetworkBasicWithStoreCppSumoCoupling","SUMOcontrolledSim","450","op_0-pv_0.0",,"0","","0","","0","","pv_replacement","0"
"1061","0.4","4000","sumo_in","FP_pooling_vehtype","total_system_time","21600","28800","1","18000","32400","PoolingIRSOnly","sumo_in","","NetworkBasicWithStoreCppSumoCoupling","SUMOcontrolledSim","450","op_0-pv_0.0",,"0","","0","","0","","pv_replacement","1"
"1062","0.6","6000","sumo_in","FP_pooling_vehtype","total_system_time","21600","28800","1","18000","32400","PoolingIRSOnly","sumo_in","","NetworkBasicWithStoreCppSumoCoupling","SUMOcontrolledSim","450","op_0-pv_0.0",,"0","","0","","0","","pv_replacement","1"
"1063","0.8","8000","sumo_in","FP_pooling_vehtype","total_system_time","21600","28800","1","18000","32400","PoolingIRSOnly","sumo_in","","NetworkBasicWithStoreCppSumoCoupling","SUMOcontrolledSim","450","op_0-pv_0.0",,"0","","0","","0","","pv_replacement","0"
"1064","1","10000","sumo_in","FP_pooling_vehtype","total_system_time","21600","28800","1","18000","32400","PoolingIRSOnly","sumo_in","","NetworkBasicWithStoreCppSumoCoupling","SUMOcontrolledSim","450","op_0-pv_0.0",,"0","","0","","0","","pv_replacement","0"
"1065","0.02","200","sumo_in","FP_pooling_vehtype","total_system_time","21600","28800","1","18000","32400","PoolingIRSOnly","sumo_in","","NetworkBasicWithStoreCppSumoCoupling","SUMOcontrolledSim","450","all",,"0","","0","","0","","pv_replacement","1"
"1066","0.05","500","sumo_in","FP_pooling_vehtype","total_system_time","21600","28800","1","18000","32400","PoolingIRSOnly","sumo_in","","NetworkBasicWithStoreCppSumoCoupling","SUMOcontrolledSim","450","all",,"0","","0","","0","","pv_replacement","1"
"1067","0.1","1000","sumo_in","FP_pooling_vehtype","total_system_time","21600","28800","1","18000","32400","PoolingIRSOnly","sumo_in","","NetworkBasicWithStoreCppSumoCoupling","SUMOcontrolledSim","450","all",,"0","","0","","0","","pv_replacement","0"
"1068","0.2","2000","sumo_in","FP_pooling_vehtype","total_system_time","21600","28800","1","18000","32400","PoolingIRSOnly","sumo_in","","NetworkBasicWithStoreCppSumoCoupling","SUMOcontrolledSim","450","all",,"0","","0","","0","","pv_replacement","0"
"1069","0.4","4000","sumo_in","FP_pooling_vehtype","total_system_time","21600","28800","1","18000","32400","PoolingIRSOnly","sumo_in","","NetworkBasicWithStoreCppSumoCoupling","SUMOcontrolledSim","450","all",,"0","","0","","0","","pv_replacement","1"
"1070","0.6","6000","sumo_in","FP_pooling_vehtype","total_system_time","21600","28800","1","18000","32400","PoolingIRSOnly","sumo_in","","NetworkBasicWithStoreCppSumoCoupling","SUMOcontrolledSim","450","all",,"0","","0","","0","","pv_replacement","0"
"1071","0.8","8000","sumo_in","FP_pooling_vehtype","total_system_time","21600","28800","1","18000","32400","PoolingIRSOnly","sumo_in","","NetworkBasicWithStoreCppSumoCoupling","SUMOcontrolledSim","450","all",,"0","","0","","0","","pv_replacement","0"
"1072","1","10000","sumo_in","FP_pooling_vehtype","total_system_time","21600","28800","1","18000","32400","PoolingIRSOnly","sumo_in","","NetworkBasicWithStoreCppSumoCoupling","SUMOcontrolledSim","450","all",,"0","","0","","0","","pv_replacement","0"
